,ref_time,start_time_wrt_ref,end_time_wrt_ref,call_start_time,call_end_time,low_freq,high_freq,event,class,class_prob,det_prob,individual,input_file,Recover Folder,SD Card,Site name
0,2022-08-26 03:30:00,198.3085,198.3216,2022-08-26 03:33:18.308500000,2022-08-26 03:33:18.321600000,25468.0,33373.0,Echolocation,Eptesicus serotinus,0.305,0.619,-1,/mnt/ubna_data_01/recover-20220828/UBNA_007/20220826_033000.WAV,recover-20220828,UBNA_007,Telephone Field
1,2022-08-26 03:30:00,198.4675,198.4778,2022-08-26 03:33:18.467500000,2022-08-26 03:33:18.477800000,24609.0,33321.0,Echolocation,Nyctalus leisleri,0.373,0.704,-1,/mnt/ubna_data_01/recover-20220828/UBNA_007/20220826_033000.WAV,recover-20220828,UBNA_007,Telephone Field
2,2022-08-26 03:30:00,198.7335,198.7458,2022-08-26 03:33:18.733500000,2022-08-26 03:33:18.745800000,24609.0,33000.0,Echolocation,Eptesicus serotinus,0.31,0.651,-1,/mnt/ubna_data_01/recover-20220828/UBNA_007/20220826_033000.WAV,recover-20220828,UBNA_007,Telephone Field
3,2022-08-26 03:30:00,198.8895,198.9024,2022-08-26 03:33:18.889500000,2022-08-26 03:33:18.902400000,24609.0,31208.0,Echolocation,Nyctalus leisleri,0.21,0.505,-1,/mnt/ubna_data_01/recover-20220828/UBNA_007/20220826_033000.WAV,recover-20220828,UBNA_007,Telephone Field
4,2022-08-26 03:30:00,199.0485,199.0615,2022-08-26 03:33:19.048500000,2022-08-26 03:33:19.061500000,24609.0,30468.0,Echolocation,Nyctalus leisleri,0.252,0.514,-1,/mnt/ubna_data_01/recover-20220828/UBNA_007/20220826_033000.WAV,recover-20220828,UBNA_007,Telephone Field
5,2022-08-26 03:30:00,200.0785,200.0916,2022-08-26 03:33:20.078500000,2022-08-26 03:33:20.091600000,23750.0,31325.0,Echolocation,Eptesicus serotinus,0.296,0.502,-1,/mnt/ubna_data_01/recover-20220828/UBNA_007/20220826_033000.WAV,recover-20220828,UBNA_007,Telephone Field
0,2022-08-26 06:30:00,85.5535,85.5601,2022-08-26 06:31:25.553500000,2022-08-26 06:31:25.560100000,27187.0,36633.0,Echolocation,Eptesicus serotinus,0.353,0.637,-1,/mnt/ubna_data_01/recover-20220828/UBNA_007/20220826_063000.WAV,recover-20220828,UBNA_007,Telephone Field
1,2022-08-26 06:30:00,85.6535,85.6609,2022-08-26 06:31:25.653500000,2022-08-26 06:31:25.660900000,28046.0,36514.0,Echolocation,Eptesicus serotinus,0.302,0.545,-1,/mnt/ubna_data_01/recover-20220828/UBNA_007/20220826_063000.WAV,recover-20220828,UBNA_007,Telephone Field
2,2022-08-26 06:30:00,85.8345,85.8419,2022-08-26 06:31:25.834500000,2022-08-26 06:31:25.841900000,25468.0,34080.0,Echolocation,Eptesicus serotinus,0.326,0.565,-1,/mnt/ubna_data_01/recover-20220828/UBNA_007/20220826_063000.WAV,recover-20220828,UBNA_007,Telephone Field
3,2022-08-26 06:30:00,85.9745,85.982,2022-08-26 06:31:25.974500000,2022-08-26 06:31:25.982000000,24609.0,33155.0,Echolocation,Eptesicus serotinus,0.286,0.541,-1,/mnt/ubna_data_01/recover-20220828/UBNA_007/20220826_063000.WAV,recover-20220828,UBNA_007,Telephone Field
4,2022-08-26 06:30:00,86.2295,86.2373,2022-08-26 06:31:26.229500000,2022-08-26 06:31:26.237300000,23750.0,33584.0,Echolocation,Eptesicus serotinus,0.278,0.585,-1,/mnt/ubna_data_01/recover-20220828/UBNA_007/20220826_063000.WAV,recover-20220828,UBNA_007,Telephone Field
5,2022-08-26 06:30:00,89.0255,89.0341,2022-08-26 06:31:29.025500000,2022-08-26 06:31:29.034100000,22031.0,31295.0,Echolocation,Nyctalus noctula,0.193,0.566,-1,/mnt/ubna_data_01/recover-20220828/UBNA_007/20220826_063000.WAV,recover-20220828,UBNA_007,Telephone Field
6,2022-08-26 06:30:00,89.6055,89.6128,2022-08-26 06:31:29.605500000,2022-08-26 06:31:29.612800000,24609.0,33903.0,Echolocation,Eptesicus serotinus,0.383,0.579,-1,/mnt/ubna_data_01/recover-20220828/UBNA_007/20220826_063000.WAV,recover-20220828,UBNA_007,Telephone Field
7,2022-08-26 06:30:00,89.8095,89.8168,2022-08-26 06:31:29.809500000,2022-08-26 06:31:29.816800000,23750.0,34007.0,Echolocation,Eptesicus serotinus,0.281,0.652,-1,/mnt/ubna_data_01/recover-20220828/UBNA_007/20220826_063000.WAV,recover-20220828,UBNA_007,Telephone Field
8,2022-08-26 06:30:00,90.1125,90.1214,2022-08-26 06:31:30.112500000,2022-08-26 06:31:30.121400000,22890.0,32295.0,Echolocation,Eptesicus serotinus,0.245,0.682,-1,/mnt/ubna_data_01/recover-20220828/UBNA_007/20220826_063000.WAV,recover-20220828,UBNA_007,Telephone Field
9,2022-08-26 06:30:00,92.7855,92.7912,2022-08-26 06:31:32.785500000,2022-08-26 06:31:32.791200000,27187.0,37701.0,Echolocation,Eptesicus serotinus,0.403,0.579,-1,/mnt/ubna_data_01/recover-20220828/UBNA_007/20220826_063000.WAV,recover-20220828,UBNA_007,Telephone Field
10,2022-08-26 06:30:00,93.7915,93.7987,2022-08-26 06:31:33.791500000,2022-08-26 06:31:33.798700000,24609.0,34488.0,Echolocation,Eptesicus serotinus,0.25,0.576,-1,/mnt/ubna_data_01/recover-20220828/UBNA_007/20220826_063000.WAV,recover-20220828,UBNA_007,Telephone Field
11,2022-08-26 06:30:00,104.6165,104.6242,2022-08-26 06:31:44.616500000,2022-08-26 06:31:44.624200000,23750.0,33789.0,Echolocation,Eptesicus serotinus,0.28,0.599,-1,/mnt/ubna_data_01/recover-20220828/UBNA_007/20220826_063000.WAV,recover-20220828,UBNA_007,Telephone Field
12,2022-08-26 06:30:00,104.9705,104.9777,2022-08-26 06:31:44.970500000,2022-08-26 06:31:44.977700000,24609.0,32765.0,Echolocation,Nyctalus leisleri,0.31,0.613,-1,/mnt/ubna_data_01/recover-20220828/UBNA_007/20220826_063000.WAV,recover-20220828,UBNA_007,Telephone Field
13,2022-08-26 06:30:00,106.9745,106.9832,2022-08-26 06:31:46.974500000,2022-08-26 06:31:46.983200000,22890.0,31396.0,Echolocation,Eptesicus serotinus,0.253,0.518,-1,/mnt/ubna_data_01/recover-20220828/UBNA_007/20220826_063000.WAV,recover-20220828,UBNA_007,Telephone Field
14,2022-08-26 06:30:00,111.1325,111.1382,2022-08-26 06:31:51.132500000,2022-08-26 06:31:51.138200000,24609.0,36051.0,Echolocation,Eptesicus serotinus,0.301,0.601,-1,/mnt/ubna_data_01/recover-20220828/UBNA_007/20220826_063000.WAV,recover-20220828,UBNA_007,Telephone Field
15,2022-08-26 06:30:00,111.2055,111.2113,2022-08-26 06:31:51.205500000,2022-08-26 06:31:51.211300000,29765.0,40062.0,Echolocation,Eptesicus serotinus,0.349,0.569,-1,/mnt/ubna_data_01/recover-20220828/UBNA_007/20220826_063000.WAV,recover-20220828,UBNA_007,Telephone Field
16,2022-08-26 06:30:00,111.3385,111.3447,2022-08-26 06:31:51.338500000,2022-08-26 06:31:51.344700000,25468.0,38926.0,Echolocation,Eptesicus serotinus,0.517,0.694,-1,/mnt/ubna_data_01/recover-20220828/UBNA_007/20220826_063000.WAV,recover-20220828,UBNA_007,Telephone Field
17,2022-08-26 06:30:00,111.4315,111.4371,2022-08-26 06:31:51.431500000,2022-08-26 06:31:51.437100000,30625.0,45751.0,Echolocation,Eptesicus serotinus,0.347,0.64,-1,/mnt/ubna_data_01/recover-20220828/UBNA_007/20220826_063000.WAV,recover-20220828,UBNA_007,Telephone Field
18,2022-08-26 06:30:00,111.5465,111.5526,2022-08-26 06:31:51.546500000,2022-08-26 06:31:51.552600000,25468.0,42246.0,Echolocation,Eptesicus serotinus,0.506,0.668,-1,/mnt/ubna_data_01/recover-20220828/UBNA_007/20220826_063000.WAV,recover-20220828,UBNA_007,Telephone Field
20,2022-08-26 06:30:00,111.7695,111.7777,2022-08-26 06:31:51.769500000,2022-08-26 06:31:51.777700000,23750.0,36508.0,Echolocation,Eptesicus serotinus,0.356,0.723,-1,/mnt/ubna_data_01/recover-20220828/UBNA_007/20220826_063000.WAV,recover-20220828,UBNA_007,Telephone Field
21,2022-08-26 06:30:00,111.8645,111.8713,2022-08-26 06:31:51.864500000,2022-08-26 06:31:51.871300000,30625.0,41337.0,Echolocation,Eptesicus serotinus,0.371,0.548,-1,/mnt/ubna_data_01/recover-20220828/UBNA_007/20220826_063000.WAV,recover-20220828,UBNA_007,Telephone Field
22,2022-08-26 06:30:00,111.9895,111.9956,2022-08-26 06:31:51.989500000,2022-08-26 06:31:51.995600000,26328.0,36827.0,Echolocation,Eptesicus serotinus,0.325,0.663,-1,/mnt/ubna_data_01/recover-20220828/UBNA_007/20220826_063000.WAV,recover-20220828,UBNA_007,Telephone Field
23,2022-08-26 06:30:00,112.1005,112.1066,2022-08-26 06:31:52.100500000,2022-08-26 06:31:52.106600000,29765.0,43658.0,Echolocation,Eptesicus serotinus,0.284,0.601,-1,/mnt/ubna_data_01/recover-20220828/UBNA_007/20220826_063000.WAV,recover-20220828,UBNA_007,Telephone Field
24,2022-08-26 06:30:00,112.2375,112.2447,2022-08-26 06:31:52.237500000,2022-08-26 06:31:52.244700000,28046.0,37369.0,Echolocation,Nyctalus leisleri,0.283,0.613,-1,/mnt/ubna_data_01/recover-20220828/UBNA_007/20220826_063000.WAV,recover-20220828,UBNA_007,Telephone Field
25,2022-08-26 06:30:00,112.3375,112.3425,2022-08-26 06:31:52.337500000,2022-08-26 06:31:52.342500000,29765.0,45773.0,Echolocation,Eptesicus serotinus,0.316,0.653,-1,/mnt/ubna_data_01/recover-20220828/UBNA_007/20220826_063000.WAV,recover-20220828,UBNA_007,Telephone Field
28,2022-08-26 06:30:00,112.6445,112.6493,2022-08-26 06:31:52.644500000,2022-08-26 06:31:52.649300000,30625.0,44002.0,Echolocation,Eptesicus serotinus,0.251,0.557,-1,/mnt/ubna_data_01/recover-20220828/UBNA_007/20220826_063000.WAV,recover-20220828,UBNA_007,Telephone Field
29,2022-08-26 06:30:00,112.8375,112.8428,2022-08-26 06:31:52.837500000,2022-08-26 06:31:52.842800000,26328.0,42603.0,Echolocation,Eptesicus serotinus,0.371,0.619,-1,/mnt/ubna_data_01/recover-20220828/UBNA_007/20220826_063000.WAV,recover-20220828,UBNA_007,Telephone Field
30,2022-08-26 06:30:00,112.9625,112.9681,2022-08-26 06:31:52.962500000,2022-08-26 06:31:52.968100000,28046.0,45576.0,Echolocation,Eptesicus serotinus,0.36,0.596,-1,/mnt/ubna_data_01/recover-20220828/UBNA_007/20220826_063000.WAV,recover-20220828,UBNA_007,Telephone Field
37,2022-08-26 06:30:00,117.3095,117.3157,2022-08-26 06:31:57.309500000,2022-08-26 06:31:57.315700000,28906.0,39458.0,Echolocation,Eptesicus serotinus,0.385,0.587,-1,/mnt/ubna_data_01/recover-20220828/UBNA_007/20220826_063000.WAV,recover-20220828,UBNA_007,Telephone Field
38,2022-08-26 06:30:00,117.4385,117.4448,2022-08-26 06:31:57.438500000,2022-08-26 06:31:57.444800000,28906.0,40632.0,Echolocation,Eptesicus serotinus,0.371,0.592,-1,/mnt/ubna_data_01/recover-20220828/UBNA_007/20220826_063000.WAV,recover-20220828,UBNA_007,Telephone Field
39,2022-08-26 06:30:00,117.5705,117.5769,2022-08-26 06:31:57.570500000,2022-08-26 06:31:57.576900000,28906.0,40112.0,Echolocation,Eptesicus serotinus,0.391,0.581,-1,/mnt/ubna_data_01/recover-20220828/UBNA_007/20220826_063000.WAV,recover-20220828,UBNA_007,Telephone Field
41,2022-08-26 06:30:00,117.8355,117.8413,2022-08-26 06:31:57.835500000,2022-08-26 06:31:57.841300000,29765.0,42978.0,Echolocation,Eptesicus serotinus,0.366,0.598,-1,/mnt/ubna_data_01/recover-20220828/UBNA_007/20220826_063000.WAV,recover-20220828,UBNA_007,Telephone Field
42,2022-08-26 06:30:00,117.9755,117.9807,2022-08-26 06:31:57.975500000,2022-08-26 06:31:57.980700000,28046.0,40977.0,Echolocation,Eptesicus serotinus,0.505,0.651,-1,/mnt/ubna_data_01/recover-20220828/UBNA_007/20220826_063000.WAV,recover-20220828,UBNA_007,Telephone Field
43,2022-08-26 06:30:00,118.1335,118.1413,2022-08-26 06:31:58.133500000,2022-08-26 06:31:58.141300000,24609.0,37050.0,Echolocation,Eptesicus serotinus,0.462,0.653,-1,/mnt/ubna_data_01/recover-20220828/UBNA_007/20220826_063000.WAV,recover-20220828,UBNA_007,Telephone Field
44,2022-08-26 06:30:00,118.4735,118.4809,2022-08-26 06:31:58.473500000,2022-08-26 06:31:58.480900000,26328.0,36644.0,Echolocation,Eptesicus serotinus,0.369,0.52,-1,/mnt/ubna_data_01/recover-20220828/UBNA_007/20220826_063000.WAV,recover-20220828,UBNA_007,Telephone Field
45,2022-08-26 06:30:00,120.8095,120.8146,2022-08-26 06:32:00.809500000,2022-08-26 06:32:00.814600000,28046.0,41634.0,Echolocation,Eptesicus serotinus,0.469,0.636,-1,/mnt/ubna_data_01/recover-20220828/UBNA_007/20220826_063000.WAV,recover-20220828,UBNA_007,Telephone Field
46,2022-08-26 06:30:00,120.9865,120.992,2022-08-26 06:32:00.986500000,2022-08-26 06:32:00.992000000,26328.0,37987.0,Echolocation,Eptesicus serotinus,0.43,0.643,-1,/mnt/ubna_data_01/recover-20220828/UBNA_007/20220826_063000.WAV,recover-20220828,UBNA_007,Telephone Field
47,2022-08-26 06:30:00,121.1585,121.1647,2022-08-26 06:32:01.158500000,2022-08-26 06:32:01.164700000,25468.0,37976.0,Echolocation,Eptesicus serotinus,0.506,0.674,-1,/mnt/ubna_data_01/recover-20220828/UBNA_007/20220826_063000.WAV,recover-20220828,UBNA_007,Telephone Field
49,2022-08-26 06:30:00,121.6405,121.6471,2022-08-26 06:32:01.640500000,2022-08-26 06:32:01.647100000,27187.0,40657.0,Echolocation,Eptesicus serotinus,0.41,0.644,-1,/mnt/ubna_data_01/recover-20220828/UBNA_007/20220826_063000.WAV,recover-20220828,UBNA_007,Telephone Field
51,2022-08-26 06:30:00,121.9425,121.9502,2022-08-26 06:32:01.942500000,2022-08-26 06:32:01.950200000,28906.0,37781.0,Echolocation,Eptesicus serotinus,0.311,0.54,-1,/mnt/ubna_data_01/recover-20220828/UBNA_007/20220826_063000.WAV,recover-20220828,UBNA_007,Telephone Field
54,2022-08-26 06:30:00,123.5755,123.5813,2022-08-26 06:32:03.575500000,2022-08-26 06:32:03.581300000,28046.0,43380.0,Echolocation,Eptesicus serotinus,0.536,0.65,-1,/mnt/ubna_data_01/recover-20220828/UBNA_007/20220826_063000.WAV,recover-20220828,UBNA_007,Telephone Field
56,2022-08-26 06:30:00,123.9795,123.9864,2022-08-26 06:32:03.979500000,2022-08-26 06:32:03.986400000,24609.0,35398.0,Echolocation,Eptesicus serotinus,0.375,0.597,-1,/mnt/ubna_data_01/recover-20220828/UBNA_007/20220826_063000.WAV,recover-20220828,UBNA_007,Telephone Field
57,2022-08-26 06:30:00,124.2795,124.288,2022-08-26 06:32:04.279500000,2022-08-26 06:32:04.288000000,24609.0,31826.0,Echolocation,Eptesicus serotinus,0.306,0.56,-1,/mnt/ubna_data_01/recover-20220828/UBNA_007/20220826_063000.WAV,recover-20220828,UBNA_007,Telephone Field
58,2022-08-26 06:30:00,128.2635,128.2679,2022-08-26 06:32:08.263500000,2022-08-26 06:32:08.267900000,28046.0,42871.0,Echolocation,Plecotus auritus,0.3,0.561,-1,/mnt/ubna_data_01/recover-20220828/UBNA_007/20220826_063000.WAV,recover-20220828,UBNA_007,Telephone Field
59,2022-08-26 06:30:00,128.4075,128.4153,2022-08-26 06:32:08.407500000,2022-08-26 06:32:08.415300000,25468.0,37586.0,Echolocation,Eptesicus serotinus,0.485,0.645,-1,/mnt/ubna_data_01/recover-20220828/UBNA_007/20220826_063000.WAV,recover-20220828,UBNA_007,Telephone Field
60,2022-08-26 06:30:00,128.5405,128.5471,2022-08-26 06:32:08.540500000,2022-08-26 06:32:08.547100000,26328.0,35446.0,Echolocation,Eptesicus serotinus,0.396,0.572,-1,/mnt/ubna_data_01/recover-20220828/UBNA_007/20220826_063000.WAV,recover-20220828,UBNA_007,Telephone Field
61,2022-08-26 06:30:00,128.7725,128.7793,2022-08-26 06:32:08.772500000,2022-08-26 06:32:08.779300000,24609.0,34743.0,Echolocation,Eptesicus serotinus,0.369,0.597,-1,/mnt/ubna_data_01/recover-20220828/UBNA_007/20220826_063000.WAV,recover-20220828,UBNA_007,Telephone Field
62,2022-08-26 06:30:00,134.0115,134.0192,2022-08-26 06:32:14.011500000,2022-08-26 06:32:14.019200000,25468.0,36260.0,Echolocation,Eptesicus serotinus,0.437,0.574,-1,/mnt/ubna_data_01/recover-20220828/UBNA_007/20220826_063000.WAV,recover-20220828,UBNA_007,Telephone Field
63,2022-08-26 06:30:00,134.2375,134.2455,2022-08-26 06:32:14.237500000,2022-08-26 06:32:14.245500000,24609.0,33170.0,Echolocation,Eptesicus serotinus,0.386,0.521,-1,/mnt/ubna_data_01/recover-20220828/UBNA_007/20220826_063000.WAV,recover-20220828,UBNA_007,Telephone Field
64,2022-08-26 06:30:00,134.4785,134.4854,2022-08-26 06:32:14.478500000,2022-08-26 06:32:14.485400000,24609.0,36511.0,Echolocation,Eptesicus serotinus,0.505,0.637,-1,/mnt/ubna_data_01/recover-20220828/UBNA_007/20220826_063000.WAV,recover-20220828,UBNA_007,Telephone Field
65,2022-08-26 06:30:00,134.7445,134.7525,2022-08-26 06:32:14.744500000,2022-08-26 06:32:14.752500000,23750.0,38080.0,Echolocation,Eptesicus serotinus,0.456,0.697,-1,/mnt/ubna_data_01/recover-20220828/UBNA_007/20220826_063000.WAV,recover-20220828,UBNA_007,Telephone Field
66,2022-08-26 06:30:00,135.0335,135.0401,2022-08-26 06:32:15.033500000,2022-08-26 06:32:15.040100000,26328.0,37514.0,Echolocation,Eptesicus serotinus,0.464,0.603,-1,/mnt/ubna_data_01/recover-20220828/UBNA_007/20220826_063000.WAV,recover-20220828,UBNA_007,Telephone Field
67,2022-08-26 06:30:00,143.5915,143.5988,2022-08-26 06:32:23.591500000,2022-08-26 06:32:23.598800000,24609.0,34925.0,Echolocation,Eptesicus serotinus,0.39,0.649,-1,/mnt/ubna_data_01/recover-20220828/UBNA_007/20220826_063000.WAV,recover-20220828,UBNA_007,Telephone Field
68,2022-08-26 06:30:00,144.4815,144.4897,2022-08-26 06:32:24.481500000,2022-08-26 06:32:24.489700000,26328.0,35516.0,Echolocation,Eptesicus serotinus,0.358,0.559,-1,/mnt/ubna_data_01/recover-20220828/UBNA_007/20220826_063000.WAV,recover-20220828,UBNA_007,Telephone Field
69,2022-08-26 06:30:00,144.7615,144.7694,2022-08-26 06:32:24.761500000,2022-08-26 06:32:24.769400000,25468.0,35655.0,Echolocation,Eptesicus serotinus,0.446,0.59,-1,/mnt/ubna_data_01/recover-20220828/UBNA_007/20220826_063000.WAV,recover-20220828,UBNA_007,Telephone Field
70,2022-08-26 06:30:00,145.0565,145.064,2022-08-26 06:32:25.056500000,2022-08-26 06:32:25.064000000,23750.0,33646.0,Echolocation,Eptesicus serotinus,0.3,0.579,-1,/mnt/ubna_data_01/recover-20220828/UBNA_007/20220826_063000.WAV,recover-20220828,UBNA_007,Telephone Field
71,2022-08-26 06:30:00,145.3535,145.3622,2022-08-26 06:32:25.353500000,2022-08-26 06:32:25.362200000,22890.0,33358.0,Echolocation,Eptesicus serotinus,0.323,0.69,-1,/mnt/ubna_data_01/recover-20220828/UBNA_007/20220826_063000.WAV,recover-20220828,UBNA_007,Telephone Field
157,2022-08-26 08:30:00,245.0375,245.0511,2022-08-26 08:34:05.037500000,2022-08-26 08:34:05.051100000,23750.0,29681.0,Echolocation,Nyctalus leisleri,0.285,0.54,-1,/mnt/ubna_data_01/recover-20220828/UBNA_007/20220826_083000.WAV,recover-20220828,UBNA_007,Telephone Field
158,2022-08-26 08:30:00,260.6795,260.6917,2022-08-26 08:34:20.679500000,2022-08-26 08:34:20.691700000,25468.0,30967.0,Echolocation,Nyctalus leisleri,0.382,0.618,-1,/mnt/ubna_data_01/recover-20220828/UBNA_007/20220826_083000.WAV,recover-20220828,UBNA_007,Telephone Field
439,2022-08-26 09:00:00,149.1695,149.177,2022-08-26 09:02:29.169500000,2022-08-26 09:02:29.177000000,38359.0,45588.0,Echolocation,Pipistrellus nathusii,0.45,0.549,-1,/mnt/ubna_data_01/recover-20220828/UBNA_007/20220826_090000.WAV,recover-20220828,UBNA_007,Telephone Field
1623,2022-08-26 09:30:00,287.0605,287.0686,2022-08-26 09:34:47.060500000,2022-08-26 09:34:47.068600000,38359.0,45551.0,Echolocation,Pipistrellus nathusii,0.361,0.56,-1,/mnt/ubna_data_01/recover-20220828/UBNA_007/20220826_093000.WAV,recover-20220828,UBNA_007,Telephone Field
1921,2022-08-26 11:00:00,286.1965,286.2047,2022-08-26 11:04:46.196500000,2022-08-26 11:04:46.204700000,39218.0,45627.0,Echolocation,Pipistrellus nathusii,0.456,0.525,-1,/mnt/ubna_data_01/recover-20220828/UBNA_007/20220826_110000.WAV,recover-20220828,UBNA_007,Telephone Field
0,2022-08-27 03:30:00,26.2715,26.2812,2022-08-27 03:30:26.271500000,2022-08-27 03:30:26.281200000,25468.0,33619.0,Echolocation,Eptesicus serotinus,0.333,0.534,-1,/mnt/ubna_data_01/recover-20220828/UBNA_007/20220827_033000.WAV,recover-20220828,UBNA_007,Telephone Field
1,2022-08-27 03:30:00,26.5315,26.5413,2022-08-27 03:30:26.531500000,2022-08-27 03:30:26.541300000,25468.0,31574.0,Echolocation,Nyctalus leisleri,0.254,0.513,-1,/mnt/ubna_data_01/recover-20220828/UBNA_007/20220827_033000.WAV,recover-20220828,UBNA_007,Telephone Field
2,2022-08-27 03:30:00,30.5705,30.5837,2022-08-27 03:30:30.570500000,2022-08-27 03:30:30.583700000,25468.0,32912.0,Echolocation,Nyctalus leisleri,0.243,0.523,-1,/mnt/ubna_data_01/recover-20220828/UBNA_007/20220827_033000.WAV,recover-20220828,UBNA_007,Telephone Field
3,2022-08-27 03:30:00,30.8635,30.8744,2022-08-27 03:30:30.863500000,2022-08-27 03:30:30.874400000,25468.0,34118.0,Echolocation,Eptesicus serotinus,0.343,0.694,-1,/mnt/ubna_data_01/recover-20220828/UBNA_007/20220827_033000.WAV,recover-20220828,UBNA_007,Telephone Field
4,2022-08-27 03:30:00,31.0075,31.0185,2022-08-27 03:30:31.007500000,2022-08-27 03:30:31.018500000,25468.0,36594.0,Echolocation,Eptesicus serotinus,0.445,0.68,-1,/mnt/ubna_data_01/recover-20220828/UBNA_007/20220827_033000.WAV,recover-20220828,UBNA_007,Telephone Field
5,2022-08-27 03:30:00,31.1425,31.1555,2022-08-27 03:30:31.142500000,2022-08-27 03:30:31.155500000,25468.0,35504.0,Echolocation,Eptesicus serotinus,0.405,0.677,-1,/mnt/ubna_data_01/recover-20220828/UBNA_007/20220827_033000.WAV,recover-20220828,UBNA_007,Telephone Field
6,2022-08-27 03:30:00,31.2865,31.2976,2022-08-27 03:30:31.286500000,2022-08-27 03:30:31.297600000,25468.0,36474.0,Echolocation,Eptesicus serotinus,0.478,0.648,-1,/mnt/ubna_data_01/recover-20220828/UBNA_007/20220827_033000.WAV,recover-20220828,UBNA_007,Telephone Field
7,2022-08-27 03:30:00,38.7045,38.7153,2022-08-27 03:30:38.704500000,2022-08-27 03:30:38.715300000,25468.0,33887.0,Echolocation,Eptesicus serotinus,0.373,0.56,-1,/mnt/ubna_data_01/recover-20220828/UBNA_007/20220827_033000.WAV,recover-20220828,UBNA_007,Telephone Field
8,2022-08-27 03:30:00,39.0935,39.1038,2022-08-27 03:30:39.093500000,2022-08-27 03:30:39.103800000,25468.0,32563.0,Echolocation,Eptesicus serotinus,0.273,0.608,-1,/mnt/ubna_data_01/recover-20220828/UBNA_007/20220827_033000.WAV,recover-20220828,UBNA_007,Telephone Field
9,2022-08-27 03:30:00,39.6265,39.6373,2022-08-27 03:30:39.626500000,2022-08-27 03:30:39.637300000,25468.0,31838.0,Echolocation,Eptesicus serotinus,0.265,0.506,-1,/mnt/ubna_data_01/recover-20220828/UBNA_007/20220827_033000.WAV,recover-20220828,UBNA_007,Telephone Field
10,2022-08-27 03:30:00,40.0665,40.0769,2022-08-27 03:30:40.066500000,2022-08-27 03:30:40.076900000,25468.0,33818.0,Echolocation,Eptesicus serotinus,0.36,0.57,-1,/mnt/ubna_data_01/recover-20220828/UBNA_007/20220827_033000.WAV,recover-20220828,UBNA_007,Telephone Field
140,2022-08-27 03:30:00,74.7775,74.7868,2022-08-27 03:31:14.777500000,2022-08-27 03:31:14.786800000,25468.0,32885.0,Echolocation,Eptesicus serotinus,0.271,0.546,-1,/mnt/ubna_data_01/recover-20220828/UBNA_007/20220827_033000.WAV,recover-20220828,UBNA_007,Telephone Field
141,2022-08-27 03:30:00,96.4215,96.4333,2022-08-27 03:31:36.421500000,2022-08-27 03:31:36.433300000,25468.0,32340.0,Echolocation,Eptesicus serotinus,0.296,0.568,-1,/mnt/ubna_data_01/recover-20220828/UBNA_007/20220827_033000.WAV,recover-20220828,UBNA_007,Telephone Field
142,2022-08-27 03:30:00,96.5345,96.5442,2022-08-27 03:31:36.534500000,2022-08-27 03:31:36.544200000,25468.0,33072.0,Echolocation,Nyctalus leisleri,0.337,0.668,-1,/mnt/ubna_data_01/recover-20220828/UBNA_007/20220827_033000.WAV,recover-20220828,UBNA_007,Telephone Field
143,2022-08-27 03:30:00,100.1255,100.1371,2022-08-27 03:31:40.125500000,2022-08-27 03:31:40.137100000,25468.0,31413.0,Echolocation,Nyctalus leisleri,0.271,0.523,-1,/mnt/ubna_data_01/recover-20220828/UBNA_007/20220827_033000.WAV,recover-20220828,UBNA_007,Telephone Field
147,2022-08-27 03:30:00,144.7425,144.7516,2022-08-27 03:32:24.742500000,2022-08-27 03:32:24.751600000,25468.0,33906.0,Echolocation,Eptesicus serotinus,0.326,0.648,-1,/mnt/ubna_data_01/recover-20220828/UBNA_007/20220827_033000.WAV,recover-20220828,UBNA_007,Telephone Field
148,2022-08-27 03:30:00,193.6635,193.6772,2022-08-27 03:33:13.663500000,2022-08-27 03:33:13.677200000,27187.0,33670.0,Echolocation,Nyctalus leisleri,0.271,0.609,-1,/mnt/ubna_data_01/recover-20220828/UBNA_007/20220827_033000.WAV,recover-20220828,UBNA_007,Telephone Field
149,2022-08-27 03:30:00,195.3165,195.3271,2022-08-27 03:33:15.316500000,2022-08-27 03:33:15.327100000,28046.0,35701.0,Echolocation,Eptesicus serotinus,0.277,0.566,-1,/mnt/ubna_data_01/recover-20220828/UBNA_007/20220827_033000.WAV,recover-20220828,UBNA_007,Telephone Field
150,2022-08-27 03:30:00,221.8155,221.8291,2022-08-27 03:33:41.815500000,2022-08-27 03:33:41.829100000,26328.0,34537.0,Echolocation,Eptesicus serotinus,0.33,0.531,-1,/mnt/ubna_data_01/recover-20220828/UBNA_007/20220827_033000.WAV,recover-20220828,UBNA_007,Telephone Field
151,2022-08-27 03:30:00,233.4015,233.4148,2022-08-27 03:33:53.401500000,2022-08-27 03:33:53.414800000,27187.0,35288.0,Echolocation,Eptesicus serotinus,0.363,0.617,-1,/mnt/ubna_data_01/recover-20220828/UBNA_007/20220827_033000.WAV,recover-20220828,UBNA_007,Telephone Field
152,2022-08-27 03:30:00,233.4985,233.5081,2022-08-27 03:33:53.498500000,2022-08-27 03:33:53.508100000,28906.0,35935.0,Echolocation,Eptesicus serotinus,0.265,0.596,-1,/mnt/ubna_data_01/recover-20220828/UBNA_007/20220827_033000.WAV,recover-20220828,UBNA_007,Telephone Field
154,2022-08-27 03:30:00,252.4155,252.4264,2022-08-27 03:34:12.415500000,2022-08-27 03:34:12.426400000,26328.0,34095.0,Echolocation,Eptesicus serotinus,0.312,0.573,-1,/mnt/ubna_data_01/recover-20220828/UBNA_007/20220827_033000.WAV,recover-20220828,UBNA_007,Telephone Field
155,2022-08-27 03:30:00,252.9735,252.9838,2022-08-27 03:34:12.973500000,2022-08-27 03:34:12.983800000,27187.0,33185.0,Echolocation,Nyctalus leisleri,0.273,0.571,-1,/mnt/ubna_data_01/recover-20220828/UBNA_007/20220827_033000.WAV,recover-20220828,UBNA_007,Telephone Field
156,2022-08-27 03:30:00,274.8025,274.8154,2022-08-27 03:34:34.802500000,2022-08-27 03:34:34.815400000,27187.0,33434.0,Echolocation,Eptesicus serotinus,0.233,0.51,-1,/mnt/ubna_data_01/recover-20220828/UBNA_007/20220827_033000.WAV,recover-20220828,UBNA_007,Telephone Field
157,2022-08-27 03:30:00,274.9255,274.9361,2022-08-27 03:34:34.925500000,2022-08-27 03:34:34.936100000,27187.0,33847.0,Echolocation,Eptesicus serotinus,0.282,0.604,-1,/mnt/ubna_data_01/recover-20220828/UBNA_007/20220827_033000.WAV,recover-20220828,UBNA_007,Telephone Field
158,2022-08-27 03:30:00,275.0705,275.0825,2022-08-27 03:34:35.070500000,2022-08-27 03:34:35.082500000,27187.0,36296.0,Echolocation,Eptesicus serotinus,0.354,0.661,-1,/mnt/ubna_data_01/recover-20220828/UBNA_007/20220827_033000.WAV,recover-20220828,UBNA_007,Telephone Field
159,2022-08-27 03:30:00,275.2025,275.2149,2022-08-27 03:34:35.202500000,2022-08-27 03:34:35.214900000,26328.0,35346.0,Echolocation,Eptesicus serotinus,0.375,0.638,-1,/mnt/ubna_data_01/recover-20220828/UBNA_007/20220827_033000.WAV,recover-20220828,UBNA_007,Telephone Field
160,2022-08-27 03:30:00,275.4385,275.4524,2022-08-27 03:34:35.438500000,2022-08-27 03:34:35.452400000,26328.0,36007.0,Echolocation,Eptesicus serotinus,0.389,0.594,-1,/mnt/ubna_data_01/recover-20220828/UBNA_007/20220827_033000.WAV,recover-20220828,UBNA_007,Telephone Field
161,2022-08-27 03:30:00,275.5835,275.5963,2022-08-27 03:34:35.583500000,2022-08-27 03:34:35.596300000,27187.0,37090.0,Echolocation,Eptesicus serotinus,0.404,0.677,-1,/mnt/ubna_data_01/recover-20220828/UBNA_007/20220827_033000.WAV,recover-20220828,UBNA_007,Telephone Field
162,2022-08-27 03:30:00,282.3295,282.3421,2022-08-27 03:34:42.329500000,2022-08-27 03:34:42.342100000,26328.0,33633.0,Echolocation,Eptesicus serotinus,0.326,0.542,-1,/mnt/ubna_data_01/recover-20220828/UBNA_007/20220827_033000.WAV,recover-20220828,UBNA_007,Telephone Field
163,2022-08-27 03:30:00,284.8225,284.8354,2022-08-27 03:34:44.822500000,2022-08-27 03:34:44.835400000,26328.0,32212.0,Echolocation,Nyctalus leisleri,0.276,0.557,-1,/mnt/ubna_data_01/recover-20220828/UBNA_007/20220827_033000.WAV,recover-20220828,UBNA_007,Telephone Field
501,2022-08-27 04:30:00,115.8335,115.8417,2022-08-27 04:31:55.833500000,2022-08-27 04:31:55.841700000,16875.0,40364.0,Echolocation,Eptesicus serotinus,0.207,0.551,-1,/mnt/ubna_data_01/recover-20220828/UBNA_007/20220827_043000.WAV,recover-20220828,UBNA_007,Telephone Field
982,2022-08-27 04:30:00,191.4695,191.4774,2022-08-27 04:33:11.469500000,2022-08-27 04:33:11.477400000,38359.0,45098.0,Echolocation,Pipistrellus nathusii,0.498,0.566,-1,/mnt/ubna_data_01/recover-20220828/UBNA_007/20220827_043000.WAV,recover-20220828,UBNA_007,Telephone Field
1340,2022-08-27 05:00:00,283.4325,283.4412,2022-08-27 05:04:43.432500000,2022-08-27 05:04:43.441200000,37500.0,45338.0,Echolocation,Pipistrellus nathusii,0.559,0.621,-1,/mnt/ubna_data_01/recover-20220828/UBNA_007/20220827_050000.WAV,recover-20220828,UBNA_007,Telephone Field
737,2022-08-27 08:00:00,170.5325,170.5405,2022-08-27 08:02:50.532500000,2022-08-27 08:02:50.540500000,40078.0,45951.0,Echolocation,Pipistrellus nathusii,0.472,0.527,-1,/mnt/ubna_data_01/recover-20220828/UBNA_007/20220827_080000.WAV,recover-20220828,UBNA_007,Telephone Field
164,2022-08-27 09:00:00,29.9785,29.9848,2022-08-27 09:00:29.978500000,2022-08-27 09:00:29.984800000,38359.0,45724.0,Echolocation,Pipistrellus nathusii,0.427,0.509,-1,/mnt/ubna_data_01/recover-20220828/UBNA_007/20220827_090000.WAV,recover-20220828,UBNA_007,Telephone Field
536,2022-08-27 09:00:00,122.9425,122.9507,2022-08-27 09:02:02.942500000,2022-08-27 09:02:02.950700000,38359.0,45921.0,Echolocation,Pipistrellus nathusii,0.38,0.548,-1,/mnt/ubna_data_01/recover-20220828/UBNA_007/20220827_090000.WAV,recover-20220828,UBNA_007,Telephone Field
251,2022-08-28 03:30:00,56.6305,56.638,2022-08-28 03:30:56.630500000,2022-08-28 03:30:56.638000000,28906.0,39039.0,Echolocation,Eptesicus serotinus,0.46,0.606,-1,/mnt/ubna_data_01/recover-20220828/UBNA_007/20220828_033000.WAV,recover-20220828,UBNA_007,Telephone Field
253,2022-08-28 03:30:00,56.7635,56.7713,2022-08-28 03:30:56.763500000,2022-08-28 03:30:56.771300000,27187.0,44901.0,Echolocation,Eptesicus serotinus,0.6,0.702,-1,/mnt/ubna_data_01/recover-20220828/UBNA_007/20220828_033000.WAV,recover-20220828,UBNA_007,Telephone Field
255,2022-08-28 03:30:00,56.8915,56.8981,2022-08-28 03:30:56.891500000,2022-08-28 03:30:56.898100000,28046.0,38865.0,Echolocation,Eptesicus serotinus,0.492,0.63,-1,/mnt/ubna_data_01/recover-20220828/UBNA_007/20220828_033000.WAV,recover-20220828,UBNA_007,Telephone Field
260,2022-08-28 03:30:00,57.1325,57.1386,2022-08-28 03:30:57.132500000,2022-08-28 03:30:57.138600000,28906.0,39327.0,Echolocation,Eptesicus serotinus,0.457,0.596,-1,/mnt/ubna_data_01/recover-20220828/UBNA_007/20220828_033000.WAV,recover-20220828,UBNA_007,Telephone Field
287,2022-08-28 03:30:00,63.8585,63.8671,2022-08-28 03:31:03.858500000,2022-08-28 03:31:03.867100000,38359.0,44418.0,Echolocation,Pipistrellus nathusii,0.468,0.533,-1,/mnt/ubna_data_01/recover-20220828/UBNA_007/20220828_033000.WAV,recover-20220828,UBNA_007,Telephone Field
0,2022-08-29 03:30:00,10.6625,10.673,2022-08-29 03:30:10.662500000,2022-08-29 03:30:10.673000000,27187.0,34529.0,Echolocation,Eptesicus serotinus,0.257,0.51,-1,/mnt/ubna_data_01/recover-20220828/UBNA_007/20220829_033000.WAV,recover-20220828,UBNA_007,Telephone Field
1,2022-08-29 03:30:00,10.7715,10.7841,2022-08-29 03:30:10.771500000,2022-08-29 03:30:10.784100000,25468.0,39274.0,Echolocation,Eptesicus serotinus,0.557,0.673,-1,/mnt/ubna_data_01/recover-20220828/UBNA_007/20220829_033000.WAV,recover-20220828,UBNA_007,Telephone Field
2,2022-08-29 03:30:00,10.9075,10.9191,2022-08-29 03:30:10.907500000,2022-08-29 03:30:10.919100000,25468.0,39934.0,Echolocation,Eptesicus serotinus,0.609,0.685,-1,/mnt/ubna_data_01/recover-20220828/UBNA_007/20220829_033000.WAV,recover-20220828,UBNA_007,Telephone Field
3,2022-08-29 03:30:00,11.0615,11.072,2022-08-29 03:30:11.061500000,2022-08-29 03:30:11.072000000,25468.0,38558.0,Echolocation,Eptesicus serotinus,0.578,0.693,-1,/mnt/ubna_data_01/recover-20220828/UBNA_007/20220829_033000.WAV,recover-20220828,UBNA_007,Telephone Field
4,2022-08-29 03:30:00,11.1655,11.1749,2022-08-29 03:30:11.165500000,2022-08-29 03:30:11.174900000,27187.0,37317.0,Echolocation,Eptesicus serotinus,0.372,0.668,-1,/mnt/ubna_data_01/recover-20220828/UBNA_007/20220829_033000.WAV,recover-20220828,UBNA_007,Telephone Field
5,2022-08-29 03:30:00,11.3335,11.3413,2022-08-29 03:30:11.333500000,2022-08-29 03:30:11.341300000,27187.0,40068.0,Echolocation,Eptesicus serotinus,0.511,0.634,-1,/mnt/ubna_data_01/recover-20220828/UBNA_007/20220829_033000.WAV,recover-20220828,UBNA_007,Telephone Field
6,2022-08-29 03:30:00,11.7845,11.7923,2022-08-29 03:30:11.784500000,2022-08-29 03:30:11.792300000,28046.0,37286.0,Echolocation,Eptesicus serotinus,0.406,0.581,-1,/mnt/ubna_data_01/recover-20220828/UBNA_007/20220829_033000.WAV,recover-20220828,UBNA_007,Telephone Field
7,2022-08-29 03:30:00,18.9145,18.9253,2022-08-29 03:30:18.914500000,2022-08-29 03:30:18.925300000,26328.0,33522.0,Echolocation,Eptesicus serotinus,0.276,0.509,-1,/mnt/ubna_data_01/recover-20220828/UBNA_007/20220829_033000.WAV,recover-20220828,UBNA_007,Telephone Field
8,2022-08-29 03:30:00,19.1785,19.1878,2022-08-29 03:30:19.178500000,2022-08-29 03:30:19.187800000,27187.0,34066.0,Echolocation,Nyctalus leisleri,0.333,0.605,-1,/mnt/ubna_data_01/recover-20220828/UBNA_007/20220829_033000.WAV,recover-20220828,UBNA_007,Telephone Field
9,2022-08-29 03:30:00,19.5795,19.5896,2022-08-29 03:30:19.579500000,2022-08-29 03:30:19.589600000,25468.0,35597.0,Echolocation,Eptesicus serotinus,0.399,0.622,-1,/mnt/ubna_data_01/recover-20220828/UBNA_007/20220829_033000.WAV,recover-20220828,UBNA_007,Telephone Field
10,2022-08-29 03:30:00,19.8045,19.814,2022-08-29 03:30:19.804500000,2022-08-29 03:30:19.814000000,25468.0,33032.0,Echolocation,Eptesicus serotinus,0.322,0.518,-1,/mnt/ubna_data_01/recover-20220828/UBNA_007/20220829_033000.WAV,recover-20220828,UBNA_007,Telephone Field
11,2022-08-29 03:30:00,19.9435,19.9536,2022-08-29 03:30:19.943500000,2022-08-29 03:30:19.953600000,25468.0,33125.0,Echolocation,Eptesicus serotinus,0.35,0.532,-1,/mnt/ubna_data_01/recover-20220828/UBNA_007/20220829_033000.WAV,recover-20220828,UBNA_007,Telephone Field
12,2022-08-29 03:30:00,20.0715,20.0817,2022-08-29 03:30:20.071500000,2022-08-29 03:30:20.081700000,25468.0,34339.0,Echolocation,Eptesicus serotinus,0.397,0.548,-1,/mnt/ubna_data_01/recover-20220828/UBNA_007/20220829_033000.WAV,recover-20220828,UBNA_007,Telephone Field
13,2022-08-29 03:30:00,20.2025,20.2129,2022-08-29 03:30:20.202500000,2022-08-29 03:30:20.212900000,25468.0,35720.0,Echolocation,Eptesicus serotinus,0.404,0.619,-1,/mnt/ubna_data_01/recover-20220828/UBNA_007/20220829_033000.WAV,recover-20220828,UBNA_007,Telephone Field
14,2022-08-29 03:30:00,20.4565,20.4689,2022-08-29 03:30:20.456500000,2022-08-29 03:30:20.468900000,25468.0,39927.0,Echolocation,Eptesicus serotinus,0.501,0.679,-1,/mnt/ubna_data_01/recover-20220828/UBNA_007/20220829_033000.WAV,recover-20220828,UBNA_007,Telephone Field
15,2022-08-29 03:30:00,20.7105,20.7204,2022-08-29 03:30:20.710500000,2022-08-29 03:30:20.720400000,25468.0,35230.0,Echolocation,Eptesicus serotinus,0.395,0.572,-1,/mnt/ubna_data_01/recover-20220828/UBNA_007/20220829_033000.WAV,recover-20220828,UBNA_007,Telephone Field
16,2022-08-29 03:30:00,21.0315,21.0418,2022-08-29 03:30:21.031500000,2022-08-29 03:30:21.041800000,25468.0,34181.0,Echolocation,Eptesicus serotinus,0.385,0.586,-1,/mnt/ubna_data_01/recover-20220828/UBNA_007/20220829_033000.WAV,recover-20220828,UBNA_007,Telephone Field
17,2022-08-29 03:30:00,36.9885,36.9976,2022-08-29 03:30:36.988500000,2022-08-29 03:30:36.997600000,25468.0,31836.0,Echolocation,Eptesicus serotinus,0.288,0.546,-1,/mnt/ubna_data_01/recover-20220828/UBNA_007/20220829_033000.WAV,recover-20220828,UBNA_007,Telephone Field
41,2022-08-29 03:30:00,41.3825,41.3927,2022-08-29 03:30:41.382500000,2022-08-29 03:30:41.392700000,24609.0,33053.0,Echolocation,Eptesicus serotinus,0.33,0.57,-1,/mnt/ubna_data_01/recover-20220828/UBNA_007/20220829_033000.WAV,recover-20220828,UBNA_007,Telephone Field
42,2022-08-29 03:30:00,48.0445,48.0552,2022-08-29 03:30:48.044500000,2022-08-29 03:30:48.055200000,25468.0,33643.0,Echolocation,Eptesicus serotinus,0.346,0.533,-1,/mnt/ubna_data_01/recover-20220828/UBNA_007/20220829_033000.WAV,recover-20220828,UBNA_007,Telephone Field
43,2022-08-29 03:30:00,48.1765,48.1897,2022-08-29 03:30:48.176500000,2022-08-29 03:30:48.189700000,26328.0,33419.0,Echolocation,Nyctalus leisleri,0.264,0.518,-1,/mnt/ubna_data_01/recover-20220828/UBNA_007/20220829_033000.WAV,recover-20220828,UBNA_007,Telephone Field
44,2022-08-29 03:30:00,48.4405,48.452,2022-08-29 03:30:48.440500000,2022-08-29 03:30:48.452000000,26328.0,33950.0,Echolocation,Eptesicus serotinus,0.294,0.538,-1,/mnt/ubna_data_01/recover-20220828/UBNA_007/20220829_033000.WAV,recover-20220828,UBNA_007,Telephone Field
45,2022-08-29 03:30:00,49.6275,49.637,2022-08-29 03:30:49.627500000,2022-08-29 03:30:49.637000000,25468.0,35214.0,Echolocation,Eptesicus serotinus,0.391,0.605,-1,/mnt/ubna_data_01/recover-20220828/UBNA_007/20220829_033000.WAV,recover-20220828,UBNA_007,Telephone Field
46,2022-08-29 03:30:00,49.9045,49.9144,2022-08-29 03:30:49.904500000,2022-08-29 03:30:49.914400000,25468.0,34942.0,Echolocation,Eptesicus serotinus,0.31,0.597,-1,/mnt/ubna_data_01/recover-20220828/UBNA_007/20220829_033000.WAV,recover-20220828,UBNA_007,Telephone Field
47,2022-08-29 03:30:00,101.7675,101.7789,2022-08-29 03:31:41.767500000,2022-08-29 03:31:41.778900000,24609.0,31985.0,Echolocation,Nyctalus leisleri,0.254,0.547,-1,/mnt/ubna_data_01/recover-20220828/UBNA_007/20220829_033000.WAV,recover-20220828,UBNA_007,Telephone Field
48,2022-08-29 03:30:00,102.9955,103.0085,2022-08-29 03:31:42.995500000,2022-08-29 03:31:43.008500000,22890.0,32134.0,Echolocation,Eptesicus serotinus,0.29,0.598,-1,/mnt/ubna_data_01/recover-20220828/UBNA_007/20220829_033000.WAV,recover-20220828,UBNA_007,Telephone Field
49,2022-08-29 03:30:00,103.1435,103.1567,2022-08-29 03:31:43.143500000,2022-08-29 03:31:43.156700000,23750.0,30089.0,Echolocation,Nyctalus leisleri,0.268,0.594,-1,/mnt/ubna_data_01/recover-20220828/UBNA_007/20220829_033000.WAV,recover-20220828,UBNA_007,Telephone Field
50,2022-08-29 03:30:00,106.9755,106.9863,2022-08-29 03:31:46.975500000,2022-08-29 03:31:46.986300000,24609.0,35054.0,Echolocation,Eptesicus serotinus,0.447,0.693,-1,/mnt/ubna_data_01/recover-20220828/UBNA_007/20220829_033000.WAV,recover-20220828,UBNA_007,Telephone Field
51,2022-08-29 03:30:00,107.2385,107.2545,2022-08-29 03:31:47.238500000,2022-08-29 03:31:47.254500000,22890.0,33027.0,Echolocation,Eptesicus serotinus,0.362,0.601,-1,/mnt/ubna_data_01/recover-20220828/UBNA_007/20220829_033000.WAV,recover-20220828,UBNA_007,Telephone Field
52,2022-08-29 03:30:00,107.3935,107.4083,2022-08-29 03:31:47.393500000,2022-08-29 03:31:47.408300000,24609.0,35900.0,Echolocation,Eptesicus serotinus,0.428,0.585,-1,/mnt/ubna_data_01/recover-20220828/UBNA_007/20220829_033000.WAV,recover-20220828,UBNA_007,Telephone Field
53,2022-08-29 03:30:00,112.0435,112.0583,2022-08-29 03:31:52.043500000,2022-08-29 03:31:52.058300000,22890.0,28407.0,Echolocation,Nyctalus leisleri,0.315,0.59,-1,/mnt/ubna_data_01/recover-20220828/UBNA_007/20220829_033000.WAV,recover-20220828,UBNA_007,Telephone Field
54,2022-08-29 03:30:00,112.3695,112.3836,2022-08-29 03:31:52.369500000,2022-08-29 03:31:52.383600000,23750.0,29624.0,Echolocation,Nyctalus leisleri,0.319,0.585,-1,/mnt/ubna_data_01/recover-20220828/UBNA_007/20220829_033000.WAV,recover-20220828,UBNA_007,Telephone Field
55,2022-08-29 03:30:00,112.5385,112.552,2022-08-29 03:31:52.538500000,2022-08-29 03:31:52.552000000,23750.0,30210.0,Echolocation,Eptesicus serotinus,0.212,0.549,-1,/mnt/ubna_data_01/recover-20220828/UBNA_007/20220829_033000.WAV,recover-20220828,UBNA_007,Telephone Field
56,2022-08-29 03:30:00,112.6955,112.709,2022-08-29 03:31:52.695500000,2022-08-29 03:31:52.709000000,23750.0,31233.0,Echolocation,Eptesicus serotinus,0.272,0.563,-1,/mnt/ubna_data_01/recover-20220828/UBNA_007/20220829_033000.WAV,recover-20220828,UBNA_007,Telephone Field
57,2022-08-29 03:30:00,114.509499999,114.5218,2022-08-29 03:31:54.509499999,2022-08-29 03:31:54.521800000,23750.0,32804.0,Echolocation,Eptesicus serotinus,0.343,0.577,-1,/mnt/ubna_data_01/recover-20220828/UBNA_007/20220829_033000.WAV,recover-20220828,UBNA_007,Telephone Field
58,2022-08-29 03:30:00,114.8205,114.8318,2022-08-29 03:31:54.820500000,2022-08-29 03:31:54.831800000,23750.0,32093.0,Echolocation,Eptesicus serotinus,0.335,0.634,-1,/mnt/ubna_data_01/recover-20220828/UBNA_007/20220829_033000.WAV,recover-20220828,UBNA_007,Telephone Field
59,2022-08-29 03:30:00,114.9745,114.9861,2022-08-29 03:31:54.974500000,2022-08-29 03:31:54.986100000,24609.0,32056.0,Echolocation,Eptesicus serotinus,0.295,0.509,-1,/mnt/ubna_data_01/recover-20220828/UBNA_007/20220829_033000.WAV,recover-20220828,UBNA_007,Telephone Field
136,2022-08-29 03:30:00,152.9445,152.9545,2022-08-29 03:32:32.944500000,2022-08-29 03:32:32.954500000,28046.0,35109.0,Echolocation,Eptesicus serotinus,0.308,0.513,-1,/mnt/ubna_data_01/recover-20220828/UBNA_007/20220829_033000.WAV,recover-20220828,UBNA_007,Telephone Field
140,2022-08-29 03:30:00,154.0375,154.0473,2022-08-29 03:32:34.037500000,2022-08-29 03:32:34.047300000,27187.0,35848.0,Echolocation,Eptesicus serotinus,0.257,0.595,-1,/mnt/ubna_data_01/recover-20220828/UBNA_007/20220829_033000.WAV,recover-20220828,UBNA_007,Telephone Field
142,2022-08-29 03:30:00,154.1665,154.1779,2022-08-29 03:32:34.166500000,2022-08-29 03:32:34.177900000,26328.0,35492.0,Echolocation,Eptesicus serotinus,0.374,0.638,-1,/mnt/ubna_data_01/recover-20220828/UBNA_007/20220829_033000.WAV,recover-20220828,UBNA_007,Telephone Field
143,2022-08-29 03:30:00,154.2915,154.3011,2022-08-29 03:32:34.291500000,2022-08-29 03:32:34.301100000,25468.0,37025.0,Echolocation,Eptesicus serotinus,0.475,0.632,-1,/mnt/ubna_data_01/recover-20220828/UBNA_007/20220829_033000.WAV,recover-20220828,UBNA_007,Telephone Field
144,2022-08-29 03:30:00,154.4265,154.4355,2022-08-29 03:32:34.426500000,2022-08-29 03:32:34.435500000,27187.0,34914.0,Echolocation,Eptesicus serotinus,0.294,0.571,-1,/mnt/ubna_data_01/recover-20220828/UBNA_007/20220829_033000.WAV,recover-20220828,UBNA_007,Telephone Field
148,2022-08-29 03:30:00,154.6655,154.6762,2022-08-29 03:32:34.665500000,2022-08-29 03:32:34.676200000,26328.0,41977.0,Echolocation,Eptesicus serotinus,0.284,0.556,-1,/mnt/ubna_data_01/recover-20220828/UBNA_007/20220829_033000.WAV,recover-20220828,UBNA_007,Telephone Field
150,2022-08-29 03:30:00,154.8005,154.8096,2022-08-29 03:32:34.800500000,2022-08-29 03:32:34.809600000,27187.0,36168.0,Echolocation,Eptesicus serotinus,0.404,0.589,-1,/mnt/ubna_data_01/recover-20220828/UBNA_007/20220829_033000.WAV,recover-20220828,UBNA_007,Telephone Field
260,2022-08-29 03:30:00,209.7915,209.7991,2022-08-29 03:33:29.791500000,2022-08-29 03:33:29.799100000,25468.0,37105.0,Echolocation,Eptesicus serotinus,0.503,0.712,-1,/mnt/ubna_data_01/recover-20220828/UBNA_007/20220829_033000.WAV,recover-20220828,UBNA_007,Telephone Field
261,2022-08-29 03:30:00,209.9115,209.9199,2022-08-29 03:33:29.911500000,2022-08-29 03:33:29.919900000,26328.0,36766.0,Echolocation,Eptesicus serotinus,0.425,0.587,-1,/mnt/ubna_data_01/recover-20220828/UBNA_007/20220829_033000.WAV,recover-20220828,UBNA_007,Telephone Field
262,2022-08-29 03:30:00,210.0365,210.0452,2022-08-29 03:33:30.036500000,2022-08-29 03:33:30.045200000,25468.0,35920.0,Echolocation,Eptesicus serotinus,0.417,0.633,-1,/mnt/ubna_data_01/recover-20220828/UBNA_007/20220829_033000.WAV,recover-20220828,UBNA_007,Telephone Field
263,2022-08-29 03:30:00,210.1665,210.1744,2022-08-29 03:33:30.166500000,2022-08-29 03:33:30.174400000,26328.0,34715.0,Echolocation,Eptesicus serotinus,0.308,0.577,-1,/mnt/ubna_data_01/recover-20220828/UBNA_007/20220829_033000.WAV,recover-20220828,UBNA_007,Telephone Field
264,2022-08-29 03:30:00,210.4225,210.4328,2022-08-29 03:33:30.422500000,2022-08-29 03:33:30.432800000,25468.0,34352.0,Echolocation,Eptesicus serotinus,0.392,0.544,-1,/mnt/ubna_data_01/recover-20220828/UBNA_007/20220829_033000.WAV,recover-20220828,UBNA_007,Telephone Field
272,2022-08-29 03:30:00,212.2165,212.2245,2022-08-29 03:33:32.216500000,2022-08-29 03:33:32.224500000,26328.0,34399.0,Echolocation,Eptesicus serotinus,0.343,0.531,-1,/mnt/ubna_data_01/recover-20220828/UBNA_007/20220829_033000.WAV,recover-20220828,UBNA_007,Telephone Field
283,2022-08-29 03:30:00,236.2895,236.3022,2022-08-29 03:33:56.289500000,2022-08-29 03:33:56.302200000,23750.0,28407.0,Echolocation,Nyctalus leisleri,0.548,0.676,-1,/mnt/ubna_data_01/recover-20220828/UBNA_007/20220829_033000.WAV,recover-20220828,UBNA_007,Telephone Field
284,2022-08-29 03:30:00,236.5995,236.6104,2022-08-29 03:33:56.599500000,2022-08-29 03:33:56.610400000,24609.0,30420.0,Echolocation,Nyctalus leisleri,0.234,0.505,-1,/mnt/ubna_data_01/recover-20220828/UBNA_007/20220829_033000.WAV,recover-20220828,UBNA_007,Telephone Field
285,2022-08-29 03:30:00,238.7525,238.7615,2022-08-29 03:33:58.752500000,2022-08-29 03:33:58.761500000,25468.0,34095.0,Echolocation,Eptesicus serotinus,0.379,0.54,-1,/mnt/ubna_data_01/recover-20220828/UBNA_007/20220829_033000.WAV,recover-20220828,UBNA_007,Telephone Field
286,2022-08-29 03:30:00,239.0235,239.032599999,2022-08-29 03:33:59.023500000,2022-08-29 03:33:59.032599999,24609.0,34513.0,Echolocation,Eptesicus serotinus,0.412,0.597,-1,/mnt/ubna_data_01/recover-20220828/UBNA_007/20220829_033000.WAV,recover-20220828,UBNA_007,Telephone Field
287,2022-08-29 03:30:00,239.2665,239.2772,2022-08-29 03:33:59.266500000,2022-08-29 03:33:59.277200000,24609.0,34620.0,Echolocation,Eptesicus serotinus,0.46,0.585,-1,/mnt/ubna_data_01/recover-20220828/UBNA_007/20220829_033000.WAV,recover-20220828,UBNA_007,Telephone Field
288,2022-08-29 03:30:00,240.3085,240.3178,2022-08-29 03:34:00.308500000,2022-08-29 03:34:00.317800000,26328.0,36668.0,Echolocation,Eptesicus serotinus,0.418,0.523,-1,/mnt/ubna_data_01/recover-20220828/UBNA_007/20220829_033000.WAV,recover-20220828,UBNA_007,Telephone Field
289,2022-08-29 03:30:00,240.5375,240.5473,2022-08-29 03:34:00.537500000,2022-08-29 03:34:00.547300000,27187.0,36054.0,Echolocation,Eptesicus serotinus,0.341,0.579,-1,/mnt/ubna_data_01/recover-20220828/UBNA_007/20220829_033000.WAV,recover-20220828,UBNA_007,Telephone Field
291,2022-08-29 03:30:00,254.4675,254.4756,2022-08-29 03:34:14.467500000,2022-08-29 03:34:14.475600000,26328.0,36039.0,Echolocation,Eptesicus serotinus,0.443,0.574,-1,/mnt/ubna_data_01/recover-20220828/UBNA_007/20220829_033000.WAV,recover-20220828,UBNA_007,Telephone Field
292,2022-08-29 03:30:00,254.9295,254.9382,2022-08-29 03:34:14.929500000,2022-08-29 03:34:14.938200000,27187.0,37481.0,Echolocation,Eptesicus serotinus,0.441,0.565,-1,/mnt/ubna_data_01/recover-20220828/UBNA_007/20220829_033000.WAV,recover-20220828,UBNA_007,Telephone Field
293,2022-08-29 03:30:00,255.1895,255.1979,2022-08-29 03:34:15.189500000,2022-08-29 03:34:15.197900000,26328.0,37868.0,Echolocation,Eptesicus serotinus,0.481,0.635,-1,/mnt/ubna_data_01/recover-20220828/UBNA_007/20220829_033000.WAV,recover-20220828,UBNA_007,Telephone Field
294,2022-08-29 03:30:00,255.3165,255.3265,2022-08-29 03:34:15.316500000,2022-08-29 03:34:15.326500000,26328.0,37167.0,Echolocation,Eptesicus serotinus,0.456,0.626,-1,/mnt/ubna_data_01/recover-20220828/UBNA_007/20220829_033000.WAV,recover-20220828,UBNA_007,Telephone Field
295,2022-08-29 03:30:00,255.4395,255.4508,2022-08-29 03:34:15.439500000,2022-08-29 03:34:15.450800000,25468.0,40767.0,Echolocation,Eptesicus serotinus,0.584,0.72,-1,/mnt/ubna_data_01/recover-20220828/UBNA_007/20220829_033000.WAV,recover-20220828,UBNA_007,Telephone Field
296,2022-08-29 03:30:00,255.5635,255.5742,2022-08-29 03:34:15.563500000,2022-08-29 03:34:15.574200000,25468.0,40045.0,Echolocation,Eptesicus serotinus,0.66,0.732,-1,/mnt/ubna_data_01/recover-20220828/UBNA_007/20220829_033000.WAV,recover-20220828,UBNA_007,Telephone Field
297,2022-08-29 03:30:00,255.6865,255.6954,2022-08-29 03:34:15.686500000,2022-08-29 03:34:15.695400000,26328.0,36242.0,Echolocation,Eptesicus serotinus,0.439,0.558,-1,/mnt/ubna_data_01/recover-20220828/UBNA_007/20220829_033000.WAV,recover-20220828,UBNA_007,Telephone Field
298,2022-08-29 03:30:00,255.7915,255.8,2022-08-29 03:34:15.791500000,2022-08-29 03:34:15.800000000,27187.0,36376.0,Echolocation,Eptesicus serotinus,0.372,0.515,-1,/mnt/ubna_data_01/recover-20220828/UBNA_007/20220829_033000.WAV,recover-20220828,UBNA_007,Telephone Field
299,2022-08-29 03:30:00,270.9865,270.9963,2022-08-29 03:34:30.986500000,2022-08-29 03:34:30.996300000,24609.0,31600.0,Echolocation,Nyctalus leisleri,0.284,0.579,-1,/mnt/ubna_data_01/recover-20220828/UBNA_007/20220829_033000.WAV,recover-20220828,UBNA_007,Telephone Field
311,2022-08-29 03:30:00,277.8825,277.8934,2022-08-29 03:34:37.882500000,2022-08-29 03:34:37.893400000,26328.0,37609.0,Echolocation,Eptesicus serotinus,0.451,0.619,-1,/mnt/ubna_data_01/recover-20220828/UBNA_007/20220829_033000.WAV,recover-20220828,UBNA_007,Telephone Field
315,2022-08-29 03:30:00,278.1765,278.187,2022-08-29 03:34:38.176500000,2022-08-29 03:34:38.187000000,24609.0,33761.0,Echolocation,Eptesicus serotinus,0.418,0.623,-1,/mnt/ubna_data_01/recover-20220828/UBNA_007/20220829_033000.WAV,recover-20220828,UBNA_007,Telephone Field
328,2022-08-29 03:30:00,295.5545,295.5629,2022-08-29 03:34:55.554500000,2022-08-29 03:34:55.562900000,27187.0,34292.0,Echolocation,Eptesicus serotinus,0.296,0.618,-1,/mnt/ubna_data_01/recover-20220828/UBNA_007/20220829_033000.WAV,recover-20220828,UBNA_007,Telephone Field
329,2022-08-29 03:30:00,295.9405,295.952,2022-08-29 03:34:55.940500000,2022-08-29 03:34:55.952000000,27187.0,33808.0,Echolocation,Eptesicus serotinus,0.283,0.545,-1,/mnt/ubna_data_01/recover-20220828/UBNA_007/20220829_033000.WAV,recover-20220828,UBNA_007,Telephone Field
330,2022-08-29 03:30:00,296.3205,296.3324,2022-08-29 03:34:56.320500000,2022-08-29 03:34:56.332400000,26328.0,35753.0,Echolocation,Eptesicus serotinus,0.351,0.562,-1,/mnt/ubna_data_01/recover-20220828/UBNA_007/20220829_033000.WAV,recover-20220828,UBNA_007,Telephone Field
331,2022-08-29 03:30:00,296.4445,296.4526,2022-08-29 03:34:56.444500000,2022-08-29 03:34:56.452600000,27187.0,36176.0,Echolocation,Eptesicus serotinus,0.338,0.591,-1,/mnt/ubna_data_01/recover-20220828/UBNA_007/20220829_033000.WAV,recover-20220828,UBNA_007,Telephone Field
332,2022-08-29 03:30:00,296.5795,296.5896,2022-08-29 03:34:56.579500000,2022-08-29 03:34:56.589600000,27187.0,34842.0,Echolocation,Eptesicus serotinus,0.315,0.598,-1,/mnt/ubna_data_01/recover-20220828/UBNA_007/20220829_033000.WAV,recover-20220828,UBNA_007,Telephone Field
333,2022-08-29 03:30:00,296.7065,296.7149,2022-08-29 03:34:56.706500000,2022-08-29 03:34:56.714900000,27187.0,36687.0,Echolocation,Eptesicus serotinus,0.374,0.675,-1,/mnt/ubna_data_01/recover-20220828/UBNA_007/20220829_033000.WAV,recover-20220828,UBNA_007,Telephone Field
334,2022-08-29 03:30:00,296.7965,296.8043,2022-08-29 03:34:56.796500000,2022-08-29 03:34:56.804300000,28046.0,37747.0,Echolocation,Eptesicus serotinus,0.395,0.566,-1,/mnt/ubna_data_01/recover-20220828/UBNA_007/20220829_033000.WAV,recover-20220828,UBNA_007,Telephone Field
335,2022-08-29 03:30:00,296.8915,296.9006,2022-08-29 03:34:56.891500000,2022-08-29 03:34:56.900600000,26328.0,33140.0,Echolocation,Nyctalus leisleri,0.284,0.599,-1,/mnt/ubna_data_01/recover-20220828/UBNA_007/20220829_033000.WAV,recover-20220828,UBNA_007,Telephone Field
