start_time,end_time,low_freq,high_freq,class,class_prob,det_prob,individual,event,input_file,Site name,Recover Folder,SD Card,File Duration
7.3645,7.3674,34062.0,55695.0,Myotis nattereri,0.119,0.229,-1,Echolocation,/mnt/ubna_data_01_mir/recover-20220722/UBNA_014/20220722_043000.WAV,Carp Pond,recover-20220722,014,1795
11.6075,11.6131,22890.0,36012.0,Plecotus austriacus,0.172,0.208,-1,Echolocation,/mnt/ubna_data_01_mir/recover-20220722/UBNA_014/20220722_043000.WAV,Carp Pond,recover-20220722,014,1795
34.1765,34.1819,20312.0,31256.0,Plecotus austriacus,0.178,0.255,-1,Echolocation,/mnt/ubna_data_01_mir/recover-20220722/UBNA_014/20220722_043000.WAV,Carp Pond,recover-20220722,014,1795
38.7445,38.7478,28046.0,41719.0,Plecotus austriacus,0.07,0.204,-1,Echolocation,/mnt/ubna_data_01_mir/recover-20220722/UBNA_014/20220722_043000.WAV,Carp Pond,recover-20220722,014,1795
42.6525,42.6577,15156.0,32227.0,Plecotus auritus,0.201,0.266,-1,Echolocation,/mnt/ubna_data_01_mir/recover-20220722/UBNA_014/20220722_043000.WAV,Carp Pond,recover-20220722,014,1795
57.4925,57.506,23750.0,29203.0,Nyctalus leisleri,0.106,0.258,-1,Echolocation,/mnt/ubna_data_01_mir/recover-20220722/UBNA_014/20220722_043000.WAV,Carp Pond,recover-20220722,014,1795
86.8725,86.8882,23750.0,28273.0,Nyctalus leisleri,0.096,0.212,-1,Echolocation,/mnt/ubna_data_01_mir/recover-20220722/UBNA_014/20220722_043000.WAV,Carp Pond,recover-20220722,014,1795
87.87049999999999,87.8736,29765.0,58531.0,Myotis nattereri,0.09,0.2,-1,Echolocation,/mnt/ubna_data_01_mir/recover-20220722/UBNA_014/20220722_043000.WAV,Carp Pond,recover-20220722,014,1795
91.3785,91.384,17734.0,31562.0,Plecotus austriacus,0.114,0.207,-1,Echolocation,/mnt/ubna_data_01_mir/recover-20220722/UBNA_014/20220722_043000.WAV,Carp Pond,recover-20220722,014,1795
134.9885,134.9935,18593.0,30710.0,Plecotus austriacus,0.155,0.21,-1,Echolocation,/mnt/ubna_data_01_mir/recover-20220722/UBNA_014/20220722_043000.WAV,Carp Pond,recover-20220722,014,1795
164.8385,164.843,22890.0,36822.0,Plecotus austriacus,0.21,0.251,-1,Echolocation,/mnt/ubna_data_01_mir/recover-20220722/UBNA_014/20220722_043000.WAV,Carp Pond,recover-20220722,014,1795
183.2085,183.2132,18593.0,34005.0,Plecotus austriacus,0.156,0.213,-1,Echolocation,/mnt/ubna_data_01_mir/recover-20220722/UBNA_014/20220722_043000.WAV,Carp Pond,recover-20220722,014,1795
185.3735,185.3845,22890.0,29430.0,Nyctalus leisleri,0.105,0.301,-1,Echolocation,/mnt/ubna_data_01_mir/recover-20220722/UBNA_014/20220722_043000.WAV,Carp Pond,recover-20220722,014,1795
254.1385,254.1421,18593.0,38148.0,Plecotus austriacus,0.23,0.356,-1,Echolocation,/mnt/ubna_data_01_mir/recover-20220722/UBNA_014/20220722_043000.WAV,Carp Pond,recover-20220722,014,1795
266.8605,266.8685,22031.0,30979.0,Plecotus austriacus,0.103,0.217,-1,Echolocation,/mnt/ubna_data_01_mir/recover-20220722/UBNA_014/20220722_043000.WAV,Carp Pond,recover-20220722,014,1795
272.8535,272.859,28906.0,39361.0,Plecotus auritus,0.117,0.231,-1,Echolocation,/mnt/ubna_data_01_mir/recover-20220722/UBNA_014/20220722_043000.WAV,Carp Pond,recover-20220722,014,1795
282.1725,282.1765,23750.0,36763.0,Plecotus austriacus,0.267,0.333,-1,Echolocation,/mnt/ubna_data_01_mir/recover-20220722/UBNA_014/20220722_043000.WAV,Carp Pond,recover-20220722,014,1795
282.2355,282.2385,32343.0,48893.0,Plecotus auritus,0.071,0.203,-1,Echolocation,/mnt/ubna_data_01_mir/recover-20220722/UBNA_014/20220722_043000.WAV,Carp Pond,recover-20220722,014,1795
291.9535,291.9758,17734.0,20835.0,Nyctalus noctula,0.146,0.202,-1,Echolocation,/mnt/ubna_data_01_mir/recover-20220722/UBNA_014/20220722_043000.WAV,Carp Pond,recover-20220722,014,1795
310.9455,310.952,21171.0,31920.0,Plecotus austriacus,0.15,0.201,-1,Echolocation,/mnt/ubna_data_01_mir/recover-20220722/UBNA_014/20220722_043000.WAV,Carp Pond,recover-20220722,014,1795
318.2675,318.27049999999997,28906.0,56506.0,Myotis nattereri,0.146,0.255,-1,Echolocation,/mnt/ubna_data_01_mir/recover-20220722/UBNA_014/20220722_043000.WAV,Carp Pond,recover-20220722,014,1795
324.0275,324.0352,28046.0,36675.0,Eptesicus serotinus,0.126,0.209,-1,Echolocation,/mnt/ubna_data_01_mir/recover-20220722/UBNA_014/20220722_043000.WAV,Carp Pond,recover-20220722,014,1795
325.9815,325.9943,32343.0,36823.0,Pipistrellus nathusii,0.133,0.269,-1,Echolocation,/mnt/ubna_data_01_mir/recover-20220722/UBNA_014/20220722_043000.WAV,Carp Pond,recover-20220722,014,1795
384.4065,384.4111,24609.0,39005.0,Plecotus austriacus,0.143,0.212,-1,Echolocation,/mnt/ubna_data_01_mir/recover-20220722/UBNA_014/20220722_043000.WAV,Carp Pond,recover-20220722,014,1795
391.6615,391.6658,16015.0,33329.0,Plecotus austriacus,0.123,0.237,-1,Echolocation,/mnt/ubna_data_01_mir/recover-20220722/UBNA_014/20220722_043000.WAV,Carp Pond,recover-20220722,014,1795
392.0485,392.0518,26328.0,43343.0,Plecotus austriacus,0.156,0.271,-1,Echolocation,/mnt/ubna_data_01_mir/recover-20220722/UBNA_014/20220722_043000.WAV,Carp Pond,recover-20220722,014,1795
392.2985,392.3062,22031.0,28829.0,Plecotus austriacus,0.087,0.205,-1,Echolocation,/mnt/ubna_data_01_mir/recover-20220722/UBNA_014/20220722_043000.WAV,Carp Pond,recover-20220722,014,1795
415.2815,415.289,22031.0,31197.0,Plecotus austriacus,0.113,0.219,-1,Echolocation,/mnt/ubna_data_01_mir/recover-20220722/UBNA_014/20220722_043000.WAV,Carp Pond,recover-20220722,014,1795
494.4815,494.4876,22890.0,33791.0,Plecotus austriacus,0.179,0.216,-1,Echolocation,/mnt/ubna_data_01_mir/recover-20220722/UBNA_014/20220722_043000.WAV,Carp Pond,recover-20220722,014,1795
499.4745,499.4793,22031.0,36194.0,Plecotus austriacus,0.153,0.204,-1,Echolocation,/mnt/ubna_data_01_mir/recover-20220722/UBNA_014/20220722_043000.WAV,Carp Pond,recover-20220722,014,1795
609.2715,609.2742,29765.0,49613.0,Myotis nattereri,0.115,0.312,-1,Echolocation,/mnt/ubna_data_01_mir/recover-20220722/UBNA_014/20220722_043000.WAV,Carp Pond,recover-20220722,014,1795
616.3695,616.3726,31484.0,50800.0,Myotis nattereri,0.082,0.221,-1,Echolocation,/mnt/ubna_data_01_mir/recover-20220722/UBNA_014/20220722_043000.WAV,Carp Pond,recover-20220722,014,1795
617.4115,617.4147,29765.0,47056.0,Myotis daubentonii,0.061,0.219,-1,Echolocation,/mnt/ubna_data_01_mir/recover-20220722/UBNA_014/20220722_043000.WAV,Carp Pond,recover-20220722,014,1795
620.1045,620.1075,29765.0,54974.0,Myotis nattereri,0.172,0.246,-1,Echolocation,/mnt/ubna_data_01_mir/recover-20220722/UBNA_014/20220722_043000.WAV,Carp Pond,recover-20220722,014,1795
628.4795,628.4833,13437.0,68900.0,Myotis nattereri,0.176,0.206,-1,Echolocation,/mnt/ubna_data_01_mir/recover-20220722/UBNA_014/20220722_043000.WAV,Carp Pond,recover-20220722,014,1795
663.1055,663.1108,22031.0,35526.0,Plecotus austriacus,0.175,0.223,-1,Echolocation,/mnt/ubna_data_01_mir/recover-20220722/UBNA_014/20220722_043000.WAV,Carp Pond,recover-20220722,014,1795
675.4565,675.4626,21171.0,31586.0,Plecotus austriacus,0.161,0.256,-1,Echolocation,/mnt/ubna_data_01_mir/recover-20220722/UBNA_014/20220722_043000.WAV,Carp Pond,recover-20220722,014,1795
699.3125,699.3163,25468.0,54945.0,Myotis nattereri,0.196,0.265,-1,Echolocation,/mnt/ubna_data_01_mir/recover-20220722/UBNA_014/20220722_043000.WAV,Carp Pond,recover-20220722,014,1795
764.6645,764.6702,22890.0,32341.0,Plecotus austriacus,0.178,0.278,-1,Echolocation,/mnt/ubna_data_01_mir/recover-20220722/UBNA_014/20220722_043000.WAV,Carp Pond,recover-20220722,014,1795
775.8245,775.8354,22890.0,28462.0,Nyctalus leisleri,0.066,0.202,-1,Echolocation,/mnt/ubna_data_01_mir/recover-20220722/UBNA_014/20220722_043000.WAV,Carp Pond,recover-20220722,014,1795
856.1025,856.1067,17734.0,39144.0,Plecotus austriacus,0.189,0.269,-1,Echolocation,/mnt/ubna_data_01_mir/recover-20220722/UBNA_014/20220722_043000.WAV,Carp Pond,recover-20220722,014,1795
863.4695,863.4741,16875.0,34317.0,Plecotus austriacus,0.12,0.231,-1,Echolocation,/mnt/ubna_data_01_mir/recover-20220722/UBNA_014/20220722_043000.WAV,Carp Pond,recover-20220722,014,1795
866.0015,866.0179,23750.0,28616.0,Nyctalus leisleri,0.127,0.221,-1,Echolocation,/mnt/ubna_data_01_mir/recover-20220722/UBNA_014/20220722_043000.WAV,Carp Pond,recover-20220722,014,1795
920.2675,920.2743,20312.0,29733.0,Plecotus austriacus,0.133,0.207,-1,Echolocation,/mnt/ubna_data_01_mir/recover-20220722/UBNA_014/20220722_043000.WAV,Carp Pond,recover-20220722,014,1795
1008.9275,1008.9318,16015.0,34676.0,Plecotus auritus,0.144,0.234,-1,Echolocation,/mnt/ubna_data_01_mir/recover-20220722/UBNA_014/20220722_043000.WAV,Carp Pond,recover-20220722,014,1795
1026.3705,1026.3757,17734.0,29932.0,Plecotus austriacus,0.19,0.228,-1,Echolocation,/mnt/ubna_data_01_mir/recover-20220722/UBNA_014/20220722_043000.WAV,Carp Pond,recover-20220722,014,1795
1168.1285,1168.1316,28906.0,50996.0,Myotis nattereri,0.115,0.22,-1,Echolocation,/mnt/ubna_data_01_mir/recover-20220722/UBNA_014/20220722_043000.WAV,Carp Pond,recover-20220722,014,1795
1173.7445,1173.7508,22031.0,32276.0,Plecotus austriacus,0.177,0.244,-1,Echolocation,/mnt/ubna_data_01_mir/recover-20220722/UBNA_014/20220722_043000.WAV,Carp Pond,recover-20220722,014,1795
1181.6825,1181.6856,28046.0,51700.0,Myotis nattereri,0.104,0.276,-1,Echolocation,/mnt/ubna_data_01_mir/recover-20220722/UBNA_014/20220722_043000.WAV,Carp Pond,recover-20220722,014,1795
1199.5665,1199.5707,16875.0,34630.0,Plecotus austriacus,0.12,0.21,-1,Echolocation,/mnt/ubna_data_01_mir/recover-20220722/UBNA_014/20220722_043000.WAV,Carp Pond,recover-20220722,014,1795
1200.8285,1200.8354,19453.0,30220.0,Plecotus austriacus,0.147,0.21,-1,Echolocation,/mnt/ubna_data_01_mir/recover-20220722/UBNA_014/20220722_043000.WAV,Carp Pond,recover-20220722,014,1795
1205.4395,1205.443,28906.0,42549.0,Plecotus austriacus,0.1,0.254,-1,Echolocation,/mnt/ubna_data_01_mir/recover-20220722/UBNA_014/20220722_043000.WAV,Carp Pond,recover-20220722,014,1795
1239.9825,1239.9868,24609.0,53440.0,Myotis nattereri,0.167,0.209,-1,Echolocation,/mnt/ubna_data_01_mir/recover-20220722/UBNA_014/20220722_043000.WAV,Carp Pond,recover-20220722,014,1795
1252.3995,1252.4039,17734.0,32005.0,Plecotus austriacus,0.135,0.269,-1,Echolocation,/mnt/ubna_data_01_mir/recover-20220722/UBNA_014/20220722_043000.WAV,Carp Pond,recover-20220722,014,1795
1263.2175,1263.2224,16015.0,31916.0,Plecotus auritus,0.159,0.248,-1,Echolocation,/mnt/ubna_data_01_mir/recover-20220722/UBNA_014/20220722_043000.WAV,Carp Pond,recover-20220722,014,1795
1298.0685,1298.0739,17734.0,29053.0,Plecotus austriacus,0.182,0.235,-1,Echolocation,/mnt/ubna_data_01_mir/recover-20220722/UBNA_014/20220722_043000.WAV,Carp Pond,recover-20220722,014,1795
1316.7135,1316.721,27187.0,36032.0,Eptesicus serotinus,0.125,0.226,-1,Echolocation,/mnt/ubna_data_01_mir/recover-20220722/UBNA_014/20220722_043000.WAV,Carp Pond,recover-20220722,014,1795
1334.1285,1334.1323,18593.0,35890.0,Plecotus austriacus,0.184,0.261,-1,Echolocation,/mnt/ubna_data_01_mir/recover-20220722/UBNA_014/20220722_043000.WAV,Carp Pond,recover-20220722,014,1795
1352.9555,1352.9595,34921.0,45788.0,Myotis daubentonii,0.11,0.267,-1,Echolocation,/mnt/ubna_data_01_mir/recover-20220722/UBNA_014/20220722_043000.WAV,Carp Pond,recover-20220722,014,1795
1353.0495,1353.0533,35781.0,49201.0,Myotis daubentonii,0.147,0.24,-1,Echolocation,/mnt/ubna_data_01_mir/recover-20220722/UBNA_014/20220722_043000.WAV,Carp Pond,recover-20220722,014,1795
1353.2345,1353.2379,34921.0,45406.0,Barbastellus barbastellus,0.274,0.464,-1,Echolocation,/mnt/ubna_data_01_mir/recover-20220722/UBNA_014/20220722_043000.WAV,Carp Pond,recover-20220722,014,1795
1353.3245,1353.3286,34921.0,46153.0,Barbastellus barbastellus,0.159,0.407,-1,Echolocation,/mnt/ubna_data_01_mir/recover-20220722/UBNA_014/20220722_043000.WAV,Carp Pond,recover-20220722,014,1795
1353.6095,1353.6136,36640.0,46483.0,Barbastellus barbastellus,0.159,0.356,-1,Echolocation,/mnt/ubna_data_01_mir/recover-20220722/UBNA_014/20220722_043000.WAV,Carp Pond,recover-20220722,014,1795
1353.9895,1353.9937,34062.0,47074.0,Barbastellus barbastellus,0.47,0.628,-1,Echolocation,/mnt/ubna_data_01_mir/recover-20220722/UBNA_014/20220722_043000.WAV,Carp Pond,recover-20220722,014,1795
1354.0805,1354.0843,34921.0,46635.0,Myotis daubentonii,0.265,0.521,-1,Echolocation,/mnt/ubna_data_01_mir/recover-20220722/UBNA_014/20220722_043000.WAV,Carp Pond,recover-20220722,014,1795
1354.1955,1354.1987,34921.0,45199.0,Barbastellus barbastellus,0.319,0.49,-1,Echolocation,/mnt/ubna_data_01_mir/recover-20220722/UBNA_014/20220722_043000.WAV,Carp Pond,recover-20220722,014,1795
1354.2835,1354.2889,36640.0,47536.0,Pipistrellus nathusii,0.24,0.488,-1,Echolocation,/mnt/ubna_data_01_mir/recover-20220722/UBNA_014/20220722_043000.WAV,Carp Pond,recover-20220722,014,1795
1354.3375,1354.3417,39218.0,49090.0,Myotis daubentonii,0.204,0.364,-1,Echolocation,/mnt/ubna_data_01_mir/recover-20220722/UBNA_014/20220722_043000.WAV,Carp Pond,recover-20220722,014,1795
1354.3855,1354.3917,40078.0,46967.0,Pipistrellus nathusii,0.076,0.246,-1,Echolocation,/mnt/ubna_data_01_mir/recover-20220722/UBNA_014/20220722_043000.WAV,Carp Pond,recover-20220722,014,1795
1354.3865,1354.3922,34062.0,51758.0,Myotis brandtii,0.084,0.261,-1,Echolocation,/mnt/ubna_data_01_mir/recover-20220722/UBNA_014/20220722_043000.WAV,Carp Pond,recover-20220722,014,1795
1354.4955,1354.5,34921.0,46152.0,Myotis daubentonii,0.174,0.464,-1,Echolocation,/mnt/ubna_data_01_mir/recover-20220722/UBNA_014/20220722_043000.WAV,Carp Pond,recover-20220722,014,1795
1354.6325,1354.6362,35781.0,49164.0,Myotis daubentonii,0.217,0.36,-1,Echolocation,/mnt/ubna_data_01_mir/recover-20220722/UBNA_014/20220722_043000.WAV,Carp Pond,recover-20220722,014,1795
1354.6855,1354.6897,35781.0,49037.0,Myotis daubentonii,0.183,0.331,-1,Echolocation,/mnt/ubna_data_01_mir/recover-20220722/UBNA_014/20220722_043000.WAV,Carp Pond,recover-20220722,014,1795
1354.7555,1354.76,34062.0,45893.0,Barbastellus barbastellus,0.159,0.44,-1,Echolocation,/mnt/ubna_data_01_mir/recover-20220722/UBNA_014/20220722_043000.WAV,Carp Pond,recover-20220722,014,1795
1354.8585,1354.8636,35781.0,45961.0,Pipistrellus nathusii,0.157,0.483,-1,Echolocation,/mnt/ubna_data_01_mir/recover-20220722/UBNA_014/20220722_043000.WAV,Carp Pond,recover-20220722,014,1795
1354.9475,1354.952,35781.0,44744.0,Barbastellus barbastellus,0.272,0.365,-1,Echolocation,/mnt/ubna_data_01_mir/recover-20220722/UBNA_014/20220722_043000.WAV,Carp Pond,recover-20220722,014,1795
1355.0445,1355.0482,35781.0,44749.0,Barbastellus barbastellus,0.453,0.495,-1,Echolocation,/mnt/ubna_data_01_mir/recover-20220722/UBNA_014/20220722_043000.WAV,Carp Pond,recover-20220722,014,1795
1355.1365,1355.1415,35781.0,49816.0,Myotis daubentonii,0.123,0.393,-1,Echolocation,/mnt/ubna_data_01_mir/recover-20220722/UBNA_014/20220722_043000.WAV,Carp Pond,recover-20220722,014,1795
1355.2435,1355.2489,35781.0,48127.0,Pipistrellus nathusii,0.203,0.518,-1,Echolocation,/mnt/ubna_data_01_mir/recover-20220722/UBNA_014/20220722_043000.WAV,Carp Pond,recover-20220722,014,1795
1355.3425,1355.3469,34921.0,47141.0,Myotis daubentonii,0.159,0.462,-1,Echolocation,/mnt/ubna_data_01_mir/recover-20220722/UBNA_014/20220722_043000.WAV,Carp Pond,recover-20220722,014,1795
1355.4445,1355.4496,36640.0,51729.0,Myotis daubentonii,0.19,0.443,-1,Echolocation,/mnt/ubna_data_01_mir/recover-20220722/UBNA_014/20220722_043000.WAV,Carp Pond,recover-20220722,014,1795
1355.5025,1355.507,34921.0,49350.0,Myotis daubentonii,0.241,0.4,-1,Echolocation,/mnt/ubna_data_01_mir/recover-20220722/UBNA_014/20220722_043000.WAV,Carp Pond,recover-20220722,014,1795
1355.5935,1355.6001,40078.0,50215.0,Pipistrellus nathusii,0.256,0.449,-1,Echolocation,/mnt/ubna_data_01_mir/recover-20220722/UBNA_014/20220722_043000.WAV,Carp Pond,recover-20220722,014,1795
1355.6855,1355.6898,35781.0,52082.0,Myotis daubentonii,0.147,0.276,-1,Echolocation,/mnt/ubna_data_01_mir/recover-20220722/UBNA_014/20220722_043000.WAV,Carp Pond,recover-20220722,014,1795
1355.7765,1355.7816,36640.0,47901.0,Barbastellus barbastellus,0.16,0.468,-1,Echolocation,/mnt/ubna_data_01_mir/recover-20220722/UBNA_014/20220722_043000.WAV,Carp Pond,recover-20220722,014,1795
1356.1305,1356.1364,36640.0,46886.0,Barbastellus barbastellus,0.1,0.304,-1,Echolocation,/mnt/ubna_data_01_mir/recover-20220722/UBNA_014/20220722_043000.WAV,Carp Pond,recover-20220722,014,1795
1362.1695,1362.1783,22890.0,29830.0,Nyctalus leisleri,0.065,0.224,-1,Echolocation,/mnt/ubna_data_01_mir/recover-20220722/UBNA_014/20220722_043000.WAV,Carp Pond,recover-20220722,014,1795
1414.8445,1414.8484,34062.0,51978.0,Myotis daubentonii,0.197,0.291,-1,Echolocation,/mnt/ubna_data_01_mir/recover-20220722/UBNA_014/20220722_043000.WAV,Carp Pond,recover-20220722,014,1795
1414.9275,1414.9313,39218.0,52489.0,Myotis daubentonii,0.104,0.201,-1,Echolocation,/mnt/ubna_data_01_mir/recover-20220722/UBNA_014/20220722_043000.WAV,Carp Pond,recover-20220722,014,1795
1415.2885,1415.2932,38359.0,53904.0,Myotis daubentonii,0.178,0.316,-1,Echolocation,/mnt/ubna_data_01_mir/recover-20220722/UBNA_014/20220722_043000.WAV,Carp Pond,recover-20220722,014,1795
1415.4315,1415.4361,39218.0,54782.0,Myotis daubentonii,0.19,0.379,-1,Echolocation,/mnt/ubna_data_01_mir/recover-20220722/UBNA_014/20220722_043000.WAV,Carp Pond,recover-20220722,014,1795
1415.4725,1415.4773,40078.0,54622.0,Pipistrellus nathusii,0.146,0.367,-1,Echolocation,/mnt/ubna_data_01_mir/recover-20220722/UBNA_014/20220722_043000.WAV,Carp Pond,recover-20220722,014,1795
1415.5535,1415.5585,37500.0,55333.0,Myotis daubentonii,0.175,0.372,-1,Echolocation,/mnt/ubna_data_01_mir/recover-20220722/UBNA_014/20220722_043000.WAV,Carp Pond,recover-20220722,014,1795
1415.6425,1415.6477,37500.0,57213.0,Myotis daubentonii,0.169,0.439,-1,Echolocation,/mnt/ubna_data_01_mir/recover-20220722/UBNA_014/20220722_043000.WAV,Carp Pond,recover-20220722,014,1795
1415.6955,1415.6989,36640.0,54639.0,Myotis daubentonii,0.173,0.329,-1,Echolocation,/mnt/ubna_data_01_mir/recover-20220722/UBNA_014/20220722_043000.WAV,Carp Pond,recover-20220722,014,1795
1415.7365,1415.7406,33203.0,60012.0,Myotis daubentonii,0.133,0.277,-1,Echolocation,/mnt/ubna_data_01_mir/recover-20220722/UBNA_014/20220722_043000.WAV,Carp Pond,recover-20220722,014,1795
1416.8675,1416.8709,28906.0,58857.0,Myotis nattereri,0.136,0.217,-1,Echolocation,/mnt/ubna_data_01_mir/recover-20220722/UBNA_014/20220722_043000.WAV,Carp Pond,recover-20220722,014,1795
1417.0265,1417.0302,37500.0,59699.0,Myotis daubentonii,0.188,0.285,-1,Echolocation,/mnt/ubna_data_01_mir/recover-20220722/UBNA_014/20220722_043000.WAV,Carp Pond,recover-20220722,014,1795
1417.1175,1417.1209,39218.0,56437.0,Myotis daubentonii,0.178,0.301,-1,Echolocation,/mnt/ubna_data_01_mir/recover-20220722/UBNA_014/20220722_043000.WAV,Carp Pond,recover-20220722,014,1795
1417.2085,1417.2119,35781.0,54564.0,Myotis daubentonii,0.253,0.394,-1,Echolocation,/mnt/ubna_data_01_mir/recover-20220722/UBNA_014/20220722_043000.WAV,Carp Pond,recover-20220722,014,1795
1417.3005,1417.3046,37500.0,59372.0,Myotis daubentonii,0.253,0.446,-1,Echolocation,/mnt/ubna_data_01_mir/recover-20220722/UBNA_014/20220722_043000.WAV,Carp Pond,recover-20220722,014,1795
1417.3845,1417.3887,38359.0,60557.0,Myotis daubentonii,0.217,0.453,-1,Echolocation,/mnt/ubna_data_01_mir/recover-20220722/UBNA_014/20220722_043000.WAV,Carp Pond,recover-20220722,014,1795
1417.4495,1417.4533,38359.0,61818.0,Myotis daubentonii,0.234,0.462,-1,Echolocation,/mnt/ubna_data_01_mir/recover-20220722/UBNA_014/20220722_043000.WAV,Carp Pond,recover-20220722,014,1795
1417.4865,1417.4898,37500.0,57018.0,Myotis daubentonii,0.264,0.433,-1,Echolocation,/mnt/ubna_data_01_mir/recover-20220722/UBNA_014/20220722_043000.WAV,Carp Pond,recover-20220722,014,1795
1417.5605,1417.5641,34921.0,59938.0,Myotis daubentonii,0.196,0.433,-1,Echolocation,/mnt/ubna_data_01_mir/recover-20220722/UBNA_014/20220722_043000.WAV,Carp Pond,recover-20220722,014,1795
1417.6405,1417.6448,34062.0,62495.0,Myotis daubentonii,0.319,0.495,-1,Echolocation,/mnt/ubna_data_01_mir/recover-20220722/UBNA_014/20220722_043000.WAV,Carp Pond,recover-20220722,014,1795
1417.7215,1417.7259,34062.0,61266.0,Myotis daubentonii,0.351,0.512,-1,Echolocation,/mnt/ubna_data_01_mir/recover-20220722/UBNA_014/20220722_043000.WAV,Carp Pond,recover-20220722,014,1795
1417.7985,1417.8022,34062.0,58082.0,Myotis daubentonii,0.352,0.454,-1,Echolocation,/mnt/ubna_data_01_mir/recover-20220722/UBNA_014/20220722_043000.WAV,Carp Pond,recover-20220722,014,1795
1417.8855,1417.8895,36640.0,59999.0,Myotis daubentonii,0.178,0.268,-1,Echolocation,/mnt/ubna_data_01_mir/recover-20220722/UBNA_014/20220722_043000.WAV,Carp Pond,recover-20220722,014,1795
1417.9695,1417.974,34921.0,59852.0,Myotis daubentonii,0.417,0.528,-1,Echolocation,/mnt/ubna_data_01_mir/recover-20220722/UBNA_014/20220722_043000.WAV,Carp Pond,recover-20220722,014,1795
1418.0575,1418.0634,33203.0,79267.0,Myotis bechsteinii,0.231,0.485,-1,Echolocation,/mnt/ubna_data_01_mir/recover-20220722/UBNA_014/20220722_043000.WAV,Carp Pond,recover-20220722,014,1795
1418.1475,1418.1526,34062.0,68459.0,Myotis bechsteinii,0.183,0.482,-1,Echolocation,/mnt/ubna_data_01_mir/recover-20220722/UBNA_014/20220722_043000.WAV,Carp Pond,recover-20220722,014,1795
1418.2395,1418.2451,32343.0,84461.0,Myotis daubentonii,0.199,0.444,-1,Echolocation,/mnt/ubna_data_01_mir/recover-20220722/UBNA_014/20220722_043000.WAV,Carp Pond,recover-20220722,014,1795
1418.3295,1418.3355999999999,33203.0,72198.0,Myotis daubentonii,0.213,0.506,-1,Echolocation,/mnt/ubna_data_01_mir/recover-20220722/UBNA_014/20220722_043000.WAV,Carp Pond,recover-20220722,014,1795
1418.4205,1418.4269,32343.0,82317.0,Myotis daubentonii,0.22,0.503,-1,Echolocation,/mnt/ubna_data_01_mir/recover-20220722/UBNA_014/20220722_043000.WAV,Carp Pond,recover-20220722,014,1795
1418.5135,1418.5196,33203.0,74658.0,Myotis daubentonii,0.185,0.495,-1,Echolocation,/mnt/ubna_data_01_mir/recover-20220722/UBNA_014/20220722_043000.WAV,Carp Pond,recover-20220722,014,1795
1418.6285,1418.6356,33203.0,79141.0,Myotis bechsteinii,0.169,0.357,-1,Echolocation,/mnt/ubna_data_01_mir/recover-20220722/UBNA_014/20220722_043000.WAV,Carp Pond,recover-20220722,014,1795
1418.7085,1418.7153,31484.0,86532.0,Myotis daubentonii,0.191,0.537,-1,Echolocation,/mnt/ubna_data_01_mir/recover-20220722/UBNA_014/20220722_043000.WAV,Carp Pond,recover-20220722,014,1795
1418.7955,1418.8026,32343.0,84943.0,Myotis bechsteinii,0.141,0.41,-1,Echolocation,/mnt/ubna_data_01_mir/recover-20220722/UBNA_014/20220722_043000.WAV,Carp Pond,recover-20220722,014,1795
1418.8915,1418.8987,32343.0,85400.0,Myotis brandtii,0.186,0.409,-1,Echolocation,/mnt/ubna_data_01_mir/recover-20220722/UBNA_014/20220722_043000.WAV,Carp Pond,recover-20220722,014,1795
1418.9865,1418.9937,31484.0,86442.0,Myotis bechsteinii,0.184,0.504,-1,Echolocation,/mnt/ubna_data_01_mir/recover-20220722/UBNA_014/20220722_043000.WAV,Carp Pond,recover-20220722,014,1795
1419.0755,1419.0825,32343.0,83735.0,Myotis bechsteinii,0.172,0.391,-1,Echolocation,/mnt/ubna_data_01_mir/recover-20220722/UBNA_014/20220722_043000.WAV,Carp Pond,recover-20220722,014,1795
1419.1725,1419.1795,32343.0,83033.0,Myotis bechsteinii,0.202,0.422,-1,Echolocation,/mnt/ubna_data_01_mir/recover-20220722/UBNA_014/20220722_043000.WAV,Carp Pond,recover-20220722,014,1795
1419.2675,1419.2744,33203.0,82869.0,Myotis brandtii,0.163,0.428,-1,Echolocation,/mnt/ubna_data_01_mir/recover-20220722/UBNA_014/20220722_043000.WAV,Carp Pond,recover-20220722,014,1795
1419.3685,1419.3757,32343.0,81225.0,Myotis bechsteinii,0.198,0.39,-1,Echolocation,/mnt/ubna_data_01_mir/recover-20220722/UBNA_014/20220722_043000.WAV,Carp Pond,recover-20220722,014,1795
1419.4675,1419.4745,33203.0,82483.0,Myotis brandtii,0.195,0.423,-1,Echolocation,/mnt/ubna_data_01_mir/recover-20220722/UBNA_014/20220722_043000.WAV,Carp Pond,recover-20220722,014,1795
1419.5455,1419.5519,33203.0,80350.0,Myotis bechsteinii,0.21,0.414,-1,Echolocation,/mnt/ubna_data_01_mir/recover-20220722/UBNA_014/20220722_043000.WAV,Carp Pond,recover-20220722,014,1795
1419.6065,1419.6127,33203.0,79172.0,Myotis bechsteinii,0.15,0.424,-1,Echolocation,/mnt/ubna_data_01_mir/recover-20220722/UBNA_014/20220722_043000.WAV,Carp Pond,recover-20220722,014,1795
1419.6815,1419.6887,33203.0,82013.0,Myotis bechsteinii,0.179,0.404,-1,Echolocation,/mnt/ubna_data_01_mir/recover-20220722/UBNA_014/20220722_043000.WAV,Carp Pond,recover-20220722,014,1795
1419.7705,1419.7768,34921.0,76995.0,Myotis bechsteinii,0.155,0.393,-1,Echolocation,/mnt/ubna_data_01_mir/recover-20220722/UBNA_014/20220722_043000.WAV,Carp Pond,recover-20220722,014,1795
1419.7705,1419.7764,27187.0,92698.0,Myotis bechsteinii,0.19,0.274,-1,Echolocation,/mnt/ubna_data_01_mir/recover-20220722/UBNA_014/20220722_043000.WAV,Carp Pond,recover-20220722,014,1795
1419.8395,1419.8436,36640.0,63120.0,Myotis daubentonii,0.115,0.325,-1,Echolocation,/mnt/ubna_data_01_mir/recover-20220722/UBNA_014/20220722_043000.WAV,Carp Pond,recover-20220722,014,1795
1419.9485,1419.955,34062.0,79136.0,Myotis bechsteinii,0.138,0.379,-1,Echolocation,/mnt/ubna_data_01_mir/recover-20220722/UBNA_014/20220722_043000.WAV,Carp Pond,recover-20220722,014,1795
1420.0725,1420.0783,39218.0,56874.0,Pipistrellus nathusii,0.166,0.416,-1,Echolocation,/mnt/ubna_data_01_mir/recover-20220722/UBNA_014/20220722_043000.WAV,Carp Pond,recover-20220722,014,1795
1420.1535,1420.1592,34062.0,61588.0,Myotis brandtii,0.217,0.426,-1,Echolocation,/mnt/ubna_data_01_mir/recover-20220722/UBNA_014/20220722_043000.WAV,Carp Pond,recover-20220722,014,1795
1420.2535,1420.2593,34062.0,61381.0,Myotis brandtii,0.225,0.525,-1,Echolocation,/mnt/ubna_data_01_mir/recover-20220722/UBNA_014/20220722_043000.WAV,Carp Pond,recover-20220722,014,1795
1420.3515,1420.3565,35781.0,57307.0,Myotis brandtii,0.18,0.491,-1,Echolocation,/mnt/ubna_data_01_mir/recover-20220722/UBNA_014/20220722_043000.WAV,Carp Pond,recover-20220722,014,1795
1420.4195,1420.4246,36640.0,55334.0,Myotis daubentonii,0.169,0.492,-1,Echolocation,/mnt/ubna_data_01_mir/recover-20220722/UBNA_014/20220722_043000.WAV,Carp Pond,recover-20220722,014,1795
1420.4785,1420.4838,38359.0,56799.0,Pipistrellus nathusii,0.167,0.41,-1,Echolocation,/mnt/ubna_data_01_mir/recover-20220722/UBNA_014/20220722_043000.WAV,Carp Pond,recover-20220722,014,1795
1420.5675,1420.5727,34921.0,56422.0,Myotis brandtii,0.211,0.534,-1,Echolocation,/mnt/ubna_data_01_mir/recover-20220722/UBNA_014/20220722_043000.WAV,Carp Pond,recover-20220722,014,1795
1420.6555,1420.6611,34062.0,55831.0,Myotis brandtii,0.205,0.498,-1,Echolocation,/mnt/ubna_data_01_mir/recover-20220722/UBNA_014/20220722_043000.WAV,Carp Pond,recover-20220722,014,1795
1420.7365,1420.7421,33203.0,54100.0,Myotis daubentonii,0.179,0.496,-1,Echolocation,/mnt/ubna_data_01_mir/recover-20220722/UBNA_014/20220722_043000.WAV,Carp Pond,recover-20220722,014,1795
1420.8185,1420.823,34921.0,52727.0,Myotis daubentonii,0.218,0.495,-1,Echolocation,/mnt/ubna_data_01_mir/recover-20220722/UBNA_014/20220722_043000.WAV,Carp Pond,recover-20220722,014,1795
1420.8955,1420.901,34062.0,56357.0,Myotis brandtii,0.236,0.554,-1,Echolocation,/mnt/ubna_data_01_mir/recover-20220722/UBNA_014/20220722_043000.WAV,Carp Pond,recover-20220722,014,1795
1420.9555,1420.9595,34062.0,56263.0,Myotis daubentonii,0.226,0.447,-1,Echolocation,/mnt/ubna_data_01_mir/recover-20220722/UBNA_014/20220722_043000.WAV,Carp Pond,recover-20220722,014,1795
1421.0015,1421.0067,36640.0,60045.0,Myotis brandtii,0.169,0.376,-1,Echolocation,/mnt/ubna_data_01_mir/recover-20220722/UBNA_014/20220722_043000.WAV,Carp Pond,recover-20220722,014,1795
1421.0755,1421.0817,34062.0,69982.0,Myotis brandtii,0.265,0.444,-1,Echolocation,/mnt/ubna_data_01_mir/recover-20220722/UBNA_014/20220722_043000.WAV,Carp Pond,recover-20220722,014,1795
1421.1265,1421.1319,35781.0,60801.0,Myotis brandtii,0.205,0.415,-1,Echolocation,/mnt/ubna_data_01_mir/recover-20220722/UBNA_014/20220722_043000.WAV,Carp Pond,recover-20220722,014,1795
1421.1775,1421.1827,41796.0,60596.0,Myotis daubentonii,0.065,0.221,-1,Echolocation,/mnt/ubna_data_01_mir/recover-20220722/UBNA_014/20220722_043000.WAV,Carp Pond,recover-20220722,014,1795
1421.1785,1421.184,33203.0,65708.0,Myotis brandtii,0.151,0.283,-1,Echolocation,/mnt/ubna_data_01_mir/recover-20220722/UBNA_014/20220722_043000.WAV,Carp Pond,recover-20220722,014,1795
1421.2375,1421.2429,38359.0,58641.0,Myotis brandtii,0.161,0.446,-1,Echolocation,/mnt/ubna_data_01_mir/recover-20220722/UBNA_014/20220722_043000.WAV,Carp Pond,recover-20220722,014,1795
1421.3215,1421.3276,36640.0,61730.0,Myotis brandtii,0.176,0.486,-1,Echolocation,/mnt/ubna_data_01_mir/recover-20220722/UBNA_014/20220722_043000.WAV,Carp Pond,recover-20220722,014,1795
1421.4165,1421.4213,39218.0,56123.0,Myotis daubentonii,0.146,0.434,-1,Echolocation,/mnt/ubna_data_01_mir/recover-20220722/UBNA_014/20220722_043000.WAV,Carp Pond,recover-20220722,014,1795
1421.5525,1421.5579,40937.0,60655.0,Pipistrellus nathusii,0.203,0.498,-1,Echolocation,/mnt/ubna_data_01_mir/recover-20220722/UBNA_014/20220722_043000.WAV,Carp Pond,recover-20220722,014,1795
1421.6265,1421.6323,37500.0,52004.0,Myotis daubentonii,0.138,0.459,-1,Echolocation,/mnt/ubna_data_01_mir/recover-20220722/UBNA_014/20220722_043000.WAV,Carp Pond,recover-20220722,014,1795
1421.7075,1421.7133,40078.0,52364.0,Pipistrellus nathusii,0.143,0.354,-1,Echolocation,/mnt/ubna_data_01_mir/recover-20220722/UBNA_014/20220722_043000.WAV,Carp Pond,recover-20220722,014,1795
1425.6775,1425.6819,18593.0,34599.0,Plecotus austriacus,0.149,0.201,-1,Echolocation,/mnt/ubna_data_01_mir/recover-20220722/UBNA_014/20220722_043000.WAV,Carp Pond,recover-20220722,014,1795
1429.1775,1429.1845,22031.0,33281.0,Plecotus austriacus,0.222,0.334,-1,Echolocation,/mnt/ubna_data_01_mir/recover-20220722/UBNA_014/20220722_043000.WAV,Carp Pond,recover-20220722,014,1795
1429.3775,1429.3878,22890.0,28512.0,Nyctalus leisleri,0.084,0.206,-1,Echolocation,/mnt/ubna_data_01_mir/recover-20220722/UBNA_014/20220722_043000.WAV,Carp Pond,recover-20220722,014,1795
1484.1685,1484.181,38359.0,42470.0,Pipistrellus nathusii,0.221,0.251,-1,Echolocation,/mnt/ubna_data_01_mir/recover-20220722/UBNA_014/20220722_043000.WAV,Carp Pond,recover-20220722,014,1795
1507.7625,1507.7681,22890.0,37075.0,Plecotus austriacus,0.185,0.229,-1,Echolocation,/mnt/ubna_data_01_mir/recover-20220722/UBNA_014/20220722_043000.WAV,Carp Pond,recover-20220722,014,1795
1548.0505,1548.0553,18593.0,33733.0,Plecotus austriacus,0.18,0.234,-1,Echolocation,/mnt/ubna_data_01_mir/recover-20220722/UBNA_014/20220722_043000.WAV,Carp Pond,recover-20220722,014,1795
1552.4335,1552.4425,41796.0,46645.0,Pipistrellus nathusii,0.168,0.23,-1,Echolocation,/mnt/ubna_data_01_mir/recover-20220722/UBNA_014/20220722_043000.WAV,Carp Pond,recover-20220722,014,1795
1552.4705,1552.4734,15156.0,37162.0,Plecotus auritus,0.117,0.206,-1,Echolocation,/mnt/ubna_data_01_mir/recover-20220722/UBNA_014/20220722_043000.WAV,Carp Pond,recover-20220722,014,1795
1552.6385,1552.6475,41796.0,52853.0,Pipistrellus nathusii,0.515,0.603,-1,Echolocation,/mnt/ubna_data_01_mir/recover-20220722/UBNA_014/20220722_043000.WAV,Carp Pond,recover-20220722,014,1795
1552.7025,1552.7077,40937.0,54668.0,Myotis daubentonii,0.124,0.356,-1,Echolocation,/mnt/ubna_data_01_mir/recover-20220722/UBNA_014/20220722_043000.WAV,Carp Pond,recover-20220722,014,1795
1552.7485,1552.7525,42656.0,56918.0,Myotis daubentonii,0.088,0.233,-1,Echolocation,/mnt/ubna_data_01_mir/recover-20220722/UBNA_014/20220722_043000.WAV,Carp Pond,recover-20220722,014,1795
1554.0485,1554.0548,41796.0,53446.0,Pipistrellus nathusii,0.218,0.398,-1,Echolocation,/mnt/ubna_data_01_mir/recover-20220722/UBNA_014/20220722_043000.WAV,Carp Pond,recover-20220722,014,1795
1554.1045,1554.1094,36640.0,48031.0,Myotis daubentonii,0.13,0.241,-1,Echolocation,/mnt/ubna_data_01_mir/recover-20220722/UBNA_014/20220722_043000.WAV,Carp Pond,recover-20220722,014,1795
1555.4795,1555.484,46093.0,54285.0,Pipistrellus pipistrellus,0.374,0.415,-1,Echolocation,/mnt/ubna_data_01_mir/recover-20220722/UBNA_014/20220722_043000.WAV,Carp Pond,recover-20220722,014,1795
1555.5175,1555.5241,40937.0,51469.0,Pipistrellus nathusii,0.155,0.338,-1,Echolocation,/mnt/ubna_data_01_mir/recover-20220722/UBNA_014/20220722_043000.WAV,Carp Pond,recover-20220722,014,1795
1555.5665,1555.5717,44375.0,56912.0,Myotis daubentonii,0.1,0.245,-1,Echolocation,/mnt/ubna_data_01_mir/recover-20220722/UBNA_014/20220722_043000.WAV,Carp Pond,recover-20220722,014,1795
1555.6135,1555.6204,38359.0,49520.0,Myotis daubentonii,0.096,0.21,-1,Echolocation,/mnt/ubna_data_01_mir/recover-20220722/UBNA_014/20220722_043000.WAV,Carp Pond,recover-20220722,014,1795
1555.6505,1555.6579,44375.0,55763.0,Pipistrellus pipistrellus,0.154,0.457,-1,Echolocation,/mnt/ubna_data_01_mir/recover-20220722/UBNA_014/20220722_043000.WAV,Carp Pond,recover-20220722,014,1795
1555.7025,1555.7087,40937.0,55791.0,Pipistrellus nathusii,0.196,0.351,-1,Echolocation,/mnt/ubna_data_01_mir/recover-20220722/UBNA_014/20220722_043000.WAV,Carp Pond,recover-20220722,014,1795
1555.7545,1555.7599,41796.0,55822.0,Pipistrellus nathusii,0.217,0.448,-1,Echolocation,/mnt/ubna_data_01_mir/recover-20220722/UBNA_014/20220722_043000.WAV,Carp Pond,recover-20220722,014,1795
1555.8035,1555.8083,37500.0,53791.0,Myotis daubentonii,0.196,0.275,-1,Echolocation,/mnt/ubna_data_01_mir/recover-20220722/UBNA_014/20220722_043000.WAV,Carp Pond,recover-20220722,014,1795
1555.8525,1555.858,39218.0,49896.0,Myotis daubentonii,0.2,0.369,-1,Echolocation,/mnt/ubna_data_01_mir/recover-20220722/UBNA_014/20220722_043000.WAV,Carp Pond,recover-20220722,014,1795
1555.9365,1555.9427,44375.0,55831.0,Pipistrellus nathusii,0.129,0.362,-1,Echolocation,/mnt/ubna_data_01_mir/recover-20220722/UBNA_014/20220722_043000.WAV,Carp Pond,recover-20220722,014,1795
1556.0425,1556.0487,40937.0,56638.0,Pipistrellus nathusii,0.248,0.514,-1,Echolocation,/mnt/ubna_data_01_mir/recover-20220722/UBNA_014/20220722_043000.WAV,Carp Pond,recover-20220722,014,1795
1556.1305,1556.1357,39218.0,56084.0,Myotis daubentonii,0.226,0.277,-1,Echolocation,/mnt/ubna_data_01_mir/recover-20220722/UBNA_014/20220722_043000.WAV,Carp Pond,recover-20220722,014,1795
1556.1315,1556.1361,32343.0,56659.0,Myotis daubentonii,0.186,0.212,-1,Echolocation,/mnt/ubna_data_01_mir/recover-20220722/UBNA_014/20220722_043000.WAV,Carp Pond,recover-20220722,014,1795
1556.1885,1556.1935,39218.0,53846.0,Myotis daubentonii,0.261,0.317,-1,Echolocation,/mnt/ubna_data_01_mir/recover-20220722/UBNA_014/20220722_043000.WAV,Carp Pond,recover-20220722,014,1795
1556.2385,1556.2438,31484.0,65281.0,Myotis daubentonii,0.189,0.228,-1,Echolocation,/mnt/ubna_data_01_mir/recover-20220722/UBNA_014/20220722_043000.WAV,Carp Pond,recover-20220722,014,1795
1556.2385,1556.2443,39218.0,56260.0,Myotis daubentonii,0.294,0.472,-1,Echolocation,/mnt/ubna_data_01_mir/recover-20220722/UBNA_014/20220722_043000.WAV,Carp Pond,recover-20220722,014,1795
1556.2835,1556.2882,34062.0,62832.0,Myotis daubentonii,0.173,0.21,-1,Echolocation,/mnt/ubna_data_01_mir/recover-20220722/UBNA_014/20220722_043000.WAV,Carp Pond,recover-20220722,014,1795
1556.2835,1556.2883,41796.0,57592.0,Myotis daubentonii,0.279,0.356,-1,Echolocation,/mnt/ubna_data_01_mir/recover-20220722/UBNA_014/20220722_043000.WAV,Carp Pond,recover-20220722,014,1795
1556.3225,1556.3274,39218.0,55060.0,Myotis daubentonii,0.258,0.327,-1,Echolocation,/mnt/ubna_data_01_mir/recover-20220722/UBNA_014/20220722_043000.WAV,Carp Pond,recover-20220722,014,1795
1556.3635,1556.3681,38359.0,55547.0,Myotis daubentonii,0.227,0.262,-1,Echolocation,/mnt/ubna_data_01_mir/recover-20220722/UBNA_014/20220722_043000.WAV,Carp Pond,recover-20220722,014,1795
1556.4015,1556.4067,34062.0,56914.0,Myotis daubentonii,0.28,0.344,-1,Echolocation,/mnt/ubna_data_01_mir/recover-20220722/UBNA_014/20220722_043000.WAV,Carp Pond,recover-20220722,014,1795
1556.4475,1556.4535,39218.0,58854.0,Myotis daubentonii,0.296,0.476,-1,Echolocation,/mnt/ubna_data_01_mir/recover-20220722/UBNA_014/20220722_043000.WAV,Carp Pond,recover-20220722,014,1795
1556.4475,1556.4527,29765.0,65157.0,Myotis daubentonii,0.171,0.215,-1,Echolocation,/mnt/ubna_data_01_mir/recover-20220722/UBNA_014/20220722_043000.WAV,Carp Pond,recover-20220722,014,1795
1556.5125,1556.5182,39218.0,56566.0,Myotis daubentonii,0.311,0.471,-1,Echolocation,/mnt/ubna_data_01_mir/recover-20220722/UBNA_014/20220722_043000.WAV,Carp Pond,recover-20220722,014,1795
1556.5135,1556.5181,28046.0,64680.0,Myotis daubentonii,0.163,0.203,-1,Echolocation,/mnt/ubna_data_01_mir/recover-20220722/UBNA_014/20220722_043000.WAV,Carp Pond,recover-20220722,014,1795
1556.6085,1556.6144,40078.0,53676.0,Myotis daubentonii,0.242,0.412,-1,Echolocation,/mnt/ubna_data_01_mir/recover-20220722/UBNA_014/20220722_043000.WAV,Carp Pond,recover-20220722,014,1795
1556.6565,1556.6627,40937.0,48519.0,Pipistrellus nathusii,0.3,0.36,-1,Echolocation,/mnt/ubna_data_01_mir/recover-20220722/UBNA_014/20220722_043000.WAV,Carp Pond,recover-20220722,014,1795
1556.6985,1556.7042,40078.0,58178.0,Pipistrellus nathusii,0.226,0.536,-1,Echolocation,/mnt/ubna_data_01_mir/recover-20220722/UBNA_014/20220722_043000.WAV,Carp Pond,recover-20220722,014,1795
1556.7905,1556.7962,40078.0,58009.0,Myotis daubentonii,0.254,0.548,-1,Echolocation,/mnt/ubna_data_01_mir/recover-20220722/UBNA_014/20220722_043000.WAV,Carp Pond,recover-20220722,014,1795
1556.8755,1556.8809,38359.0,55155.0,Myotis daubentonii,0.288,0.455,-1,Echolocation,/mnt/ubna_data_01_mir/recover-20220722/UBNA_014/20220722_043000.WAV,Carp Pond,recover-20220722,014,1795
1556.9655,1556.9714,41796.0,54386.0,Pipistrellus nathusii,0.261,0.531,-1,Echolocation,/mnt/ubna_data_01_mir/recover-20220722/UBNA_014/20220722_043000.WAV,Carp Pond,recover-20220722,014,1795
1557.0565,1557.0623,38359.0,50099.0,Myotis daubentonii,0.109,0.282,-1,Echolocation,/mnt/ubna_data_01_mir/recover-20220722/UBNA_014/20220722_043000.WAV,Carp Pond,recover-20220722,014,1795
1557.2285,1557.2339,38359.0,52118.0,Myotis daubentonii,0.189,0.243,-1,Echolocation,/mnt/ubna_data_01_mir/recover-20220722/UBNA_014/20220722_043000.WAV,Carp Pond,recover-20220722,014,1795
1557.3075,1557.3127,40078.0,50821.0,Myotis daubentonii,0.274,0.316,-1,Echolocation,/mnt/ubna_data_01_mir/recover-20220722/UBNA_014/20220722_043000.WAV,Carp Pond,recover-20220722,014,1795
1557.3985,1557.4058,41796.0,47688.0,Pipistrellus nathusii,0.177,0.29,-1,Echolocation,/mnt/ubna_data_01_mir/recover-20220722/UBNA_014/20220722_043000.WAV,Carp Pond,recover-20220722,014,1795
1557.4865,1557.4941,41796.0,47069.0,Pipistrellus nathusii,0.311,0.371,-1,Echolocation,/mnt/ubna_data_01_mir/recover-20220722/UBNA_014/20220722_043000.WAV,Carp Pond,recover-20220722,014,1795
1557.5305,1557.5352,32343.0,59334.0,Myotis daubentonii,0.173,0.207,-1,Echolocation,/mnt/ubna_data_01_mir/recover-20220722/UBNA_014/20220722_043000.WAV,Carp Pond,recover-20220722,014,1795
1557.5305,1557.5356,39218.0,53345.0,Myotis daubentonii,0.22,0.273,-1,Echolocation,/mnt/ubna_data_01_mir/recover-20220722/UBNA_014/20220722_043000.WAV,Carp Pond,recover-20220722,014,1795
1557.5985,1557.606,41796.0,48172.0,Pipistrellus nathusii,0.289,0.435,-1,Echolocation,/mnt/ubna_data_01_mir/recover-20220722/UBNA_014/20220722_043000.WAV,Carp Pond,recover-20220722,014,1795
1559.4315,1559.4358,17734.0,34329.0,Plecotus austriacus,0.146,0.211,-1,Echolocation,/mnt/ubna_data_01_mir/recover-20220722/UBNA_014/20220722_043000.WAV,Carp Pond,recover-20220722,014,1795
1569.4385,1569.4429,19453.0,33191.0,Plecotus austriacus,0.161,0.225,-1,Echolocation,/mnt/ubna_data_01_mir/recover-20220722/UBNA_014/20220722_043000.WAV,Carp Pond,recover-20220722,014,1795
1569.7535,1569.7571,24609.0,46374.0,Plecotus austriacus,0.107,0.209,-1,Echolocation,/mnt/ubna_data_01_mir/recover-20220722/UBNA_014/20220722_043000.WAV,Carp Pond,recover-20220722,014,1795
1581.2555,1581.2597,18593.0,33493.0,Plecotus austriacus,0.161,0.219,-1,Echolocation,/mnt/ubna_data_01_mir/recover-20220722/UBNA_014/20220722_043000.WAV,Carp Pond,recover-20220722,014,1795
1586.4105,1586.4195,22031.0,28983.0,Plecotus austriacus,0.065,0.203,-1,Echolocation,/mnt/ubna_data_01_mir/recover-20220722/UBNA_014/20220722_043000.WAV,Carp Pond,recover-20220722,014,1795
1595.1825,1595.1876,17734.0,32034.0,Plecotus austriacus,0.151,0.209,-1,Echolocation,/mnt/ubna_data_01_mir/recover-20220722/UBNA_014/20220722_043000.WAV,Carp Pond,recover-20220722,014,1795
1600.7155,1600.7239,22890.0,32032.0,Plecotus austriacus,0.066,0.215,-1,Echolocation,/mnt/ubna_data_01_mir/recover-20220722/UBNA_014/20220722_043000.WAV,Carp Pond,recover-20220722,014,1795
1645.6095,1645.6152,20312.0,32520.0,Plecotus austriacus,0.188,0.245,-1,Echolocation,/mnt/ubna_data_01_mir/recover-20220722/UBNA_014/20220722_043000.WAV,Carp Pond,recover-20220722,014,1795
1648.2715,1648.2785,21171.0,30700.0,Plecotus austriacus,0.129,0.217,-1,Echolocation,/mnt/ubna_data_01_mir/recover-20220722/UBNA_014/20220722_043000.WAV,Carp Pond,recover-20220722,014,1795
1651.3425,1651.3482,19453.0,31826.0,Plecotus austriacus,0.164,0.221,-1,Echolocation,/mnt/ubna_data_01_mir/recover-20220722/UBNA_014/20220722_043000.WAV,Carp Pond,recover-20220722,014,1795
1658.0505,1658.0594,34921.0,42457.0,Eptesicus serotinus,0.082,0.228,-1,Echolocation,/mnt/ubna_data_01_mir/recover-20220722/UBNA_014/20220722_043000.WAV,Carp Pond,recover-20220722,014,1795
1666.9175,1666.922,16875.0,35915.0,Plecotus austriacus,0.171,0.306,-1,Echolocation,/mnt/ubna_data_01_mir/recover-20220722/UBNA_014/20220722_043000.WAV,Carp Pond,recover-20220722,014,1795
1668.6215,1668.6257,19453.0,34959.0,Plecotus austriacus,0.134,0.203,-1,Echolocation,/mnt/ubna_data_01_mir/recover-20220722/UBNA_014/20220722_043000.WAV,Carp Pond,recover-20220722,014,1795
1674.7605,1674.7697,25468.0,33363.0,Eptesicus serotinus,0.29,0.454,-1,Echolocation,/mnt/ubna_data_01_mir/recover-20220722/UBNA_014/20220722_043000.WAV,Carp Pond,recover-20220722,014,1795
1679.5265,1679.5295,32343.0,52521.0,Myotis nattereri,0.088,0.237,-1,Echolocation,/mnt/ubna_data_01_mir/recover-20220722/UBNA_014/20220722_043000.WAV,Carp Pond,recover-20220722,014,1795
1712.7495,1712.7541,16875.0,33487.0,Plecotus austriacus,0.21,0.307,-1,Echolocation,/mnt/ubna_data_01_mir/recover-20220722/UBNA_014/20220722_043000.WAV,Carp Pond,recover-20220722,014,1795
1714.8335,1714.84,22890.0,32762.0,Plecotus austriacus,0.157,0.238,-1,Echolocation,/mnt/ubna_data_01_mir/recover-20220722/UBNA_014/20220722_043000.WAV,Carp Pond,recover-20220722,014,1795
1720.4725,1720.4789,16875.0,29653.0,Plecotus auritus,0.159,0.228,-1,Echolocation,/mnt/ubna_data_01_mir/recover-20220722/UBNA_014/20220722_043000.WAV,Carp Pond,recover-20220722,014,1795
1733.8825,1733.8865,28906.0,46339.0,Plecotus austriacus,0.083,0.223,-1,Echolocation,/mnt/ubna_data_01_mir/recover-20220722/UBNA_014/20220722_043000.WAV,Carp Pond,recover-20220722,014,1795
1742.9035,1742.9084,16875.0,32749.0,Plecotus austriacus,0.149,0.221,-1,Echolocation,/mnt/ubna_data_01_mir/recover-20220722/UBNA_014/20220722_043000.WAV,Carp Pond,recover-20220722,014,1795
1760.9885,1760.9991,57265.0,61805.0,Pipistrellus pygmaeus,0.204,0.208,-1,Echolocation,/mnt/ubna_data_01_mir/recover-20220722/UBNA_014/20220722_043000.WAV,Carp Pond,recover-20220722,014,1795
1777.5835,1777.596,22890.0,28469.0,Nyctalus leisleri,0.075,0.204,-1,Echolocation,/mnt/ubna_data_01_mir/recover-20220722/UBNA_014/20220722_043000.WAV,Carp Pond,recover-20220722,014,1795
1777.8745,1777.88,17734.0,34394.0,Plecotus austriacus,0.169,0.221,-1,Echolocation,/mnt/ubna_data_01_mir/recover-20220722/UBNA_014/20220722_043000.WAV,Carp Pond,recover-20220722,014,1795
1779.2815,1779.2878,16015.0,30317.0,Plecotus austriacus,0.144,0.201,-1,Echolocation,/mnt/ubna_data_01_mir/recover-20220722/UBNA_014/20220722_043000.WAV,Carp Pond,recover-20220722,014,1795
1791.7575,1791.7703,31484.0,36062.0,Eptesicus serotinus,0.092,0.225,-1,Echolocation,/mnt/ubna_data_01_mir/recover-20220722/UBNA_014/20220722_043000.WAV,Carp Pond,recover-20220722,014,1795
